age,sex,wage,ed
30,1,12.01923084,13
30,1,9.857142448,12
30,1,8.241758347,12
29,2,10.09615421,12
30,1,24.03846169,14
30,1,23.66863823,16
30,1,28.84615326,12
29,2,13.73626328,14
29,1,12.01923084,16
29,1,15.38461494,13
29,1,8.461538315,12
29,1,13.46153831,13
30,2,15.625,12
29,2,12.98076916,12
29,1,13.46153831,14
29,1,20.67307663,13
29,1,28.84615326,16
29,1,28.50961494,18
30,2,38.46154022,18
29,1,11.53846169,9
29,1,24.03846169,13
30,1,7.692307472,12
30,2,17.30769157,12
29,2,27.88461494,16
29,1,3.076923132,13
30,2,26.44230843,16
29,2,9.134614944,13
30,1,12.01923084,10
29,1,4.807692528,16
29,2,15.86538506,12
30,2,17.78846169,16
29,1,38.46154022,18
29,1,10.74113846,16
30,2,13.46153831,12
30,1,15.74951935,13
29,2,12.5,13
30,1,28.84615326,12
30,1,11,12
29,2,11.21794891,13
30,1,26.62721825,16
30,2,20.67307663,18
29,2,4.807692528,12
30,2,16.82692337,13
29,1,14.42307663,18
30,1,24.03846169,16
29,1,30.28846169,16
30,1,26.44230843,16
29,1,14.42307663,14
30,2,32.05128098,16
30,1,15.76576614,13
29,1,21.2550602,16
30,1,4.807692528,16
30,1,22.22222137,16
30,2,13,14
30,2,8.012820244,12
29,2,12.01923084,12
30,1,21.63461494,12
30,1,9.615385056,16
30,1,22.59615326,18
29,1,15.38461494,12
29,1,28.84615326,18
29,1,14.42307663,12
30,1,8.653845787,18
30,2,7.211538315,16
29,1,30.76922989,12
30,2,13.73626328,16
30,1,31.73077011,14
30,1,9.615385056,12
30,2,31.25,16
30,1,20.67307663,16
29,2,15.86538506,14
29,1,9.25,13
30,1,14.9572649,12
30,2,19.71153831,18
29,1,4.807692528,16
29,1,26.22377586,12
29,2,11.05769253,13
30,2,15.86538506,16
30,2,17.48251724,18
29,2,17.58241844,14
30,1,16.15384674,14
29,2,21.63461494,12
30,1,41.34615326,13
30,2,13.22115421,12
30,2,14.55301476,12
29,2,19.23077011,16
29,2,19.23077011,13
30,2,10.43956089,12
30,2,9.134614944,10
29,2,12.01923084,13
29,1,15.73426533,12
29,2,4.326922894,12
30,2,5.769230843,12
30,2,13,13
29,2,38.90876389,16
29,2,17.09401703,16
29,2,21.63461494,18
29,2,12.01923084,16
30,2,14.9572649,12
30,1,12.69230747,13
29,1,7.211538315,14
30,2,8.17307663,12
30,2,6.875,10
29,2,12.01923084,13
29,2,19.23077011,12
30,2,15.38461494,12
30,2,20.38461494,16
30,1,11.53846169,14
29,1,13,16
30,2,15.93406582,18
30,1,14.61538506,18
30,1,15.38461494,13
29,1,12.01923084,12
30,2,11,16
30,1,26.44230843,16
29,1,9.615385056,16
29,1,23.78542519,16
30,2,7.884615421,13
30,1,14.14027119,13
29,1,3.525640965,12
29,1,24.57202721,16
29,1,19.23077011,13
30,2,26.92307663,16
29,2,23.07692337,18
29,1,29.9145298,12
30,1,28.84615326,12
29,1,15.38461494,13
30,1,21.67832184,16
29,1,19.23077011,12
30,1,69.00989532,18
30,1,14.61538506,16
30,1,38.46154022,18
29,2,36.05769348,18
29,1,26.44230843,16
30,1,83.17308044,16
30,1,26.92307663,12
30,1,73.93162537,16
30,2,21.91413307,16
30,1,45.67307663,13
30,1,21.53846169,16
30,2,10.88888931,16
30,2,23.07692337,16
30,2,31.25,16
29,2,18.07692337,18
30,2,9.615385056,13
30,1,16.34615326,12
30,2,4.808653831,16
30,2,13.15789509,12
30,2,21.63461494,16
30,2,13.56275272,16
29,1,30.76922989,16
30,2,25,13
30,1,14.42307663,13
29,1,15.38461494,18
29,1,28.84615326,14
29,1,10.38461494,13
29,1,32.96703339,12
29,2,19.23077011,12
29,1,11.53846169,12
30,1,43.26922989,16
29,1,26.49572563,16
30,1,30.76922989,14
29,1,14.42307663,16
29,1,9.615385056,14
29,2,24.07407379,12
30,1,21.63461494,13
30,2,14.10256386,18
29,2,29.45055008,18
30,2,10.57692337,13
30,2,5.494505405,12
30,1,8.505917549,13
29,2,26.44230843,16
30,1,28.84615326,16
29,2,7.211538315,14
30,1,30.44871712,12
30,1,8.17307663,16
29,1,22.59615326,13
29,1,28.84615326,12
29,1,14.42307663,14
30,1,14.42307663,12
29,1,13.94230747,12
30,1,58,16
29,1,6.971153736,12
29,1,14.9572649,16
29,2,18.75,12
29,2,15.86538506,12
29,1,22.30769157,13
29,1,29.5,12
29,1,9.615385056,8
30,1,47.75249863,16
30,1,21.53846169,12
29,2,12.82051277,16
30,1,28.84615326,12
29,1,38.46154022,16
29,1,12.25,14
30,2,36.71328735,16
29,1,26.44230843,16
29,2,22.30769157,18
29,1,28.69822502,18
29,2,24.72527504,16
30,1,23.4265728,16
30,1,16.82692337,8
30,1,10.39500999,11
29,2,40.59828949,18
29,1,4.807692528,12
30,1,7.211538315,12
30,1,60.76922989,16
29,2,19.23077011,14
29,2,27.47252655,16
29,2,33.65384674,16
29,1,29.4871788,16
29,1,18.46153831,13
30,1,17.09401703,16
30,2,20,13
30,2,27.88461494,16
30,1,12.82051277,14
29,1,15.38461494,12
30,1,28.84615326,12
30,2,13.78205109,13
30,1,32.05128098,18
29,2,14.42307663,13
30,1,9.615385056,10
29,2,22.23557663,16
30,1,28.84615326,16
30,1,14.52991486,16
29,2,24.03846169,16
30,2,10.57692337,11
29,2,12.01923084,14
29,2,38.46154022,14
30,2,12.01923084,16
29,1,31.25,14
29,1,19.23077011,13
29,1,14.42307663,13
29,1,9.615385056,18
30,1,6.25,13
29,2,34.45055008,18
29,2,9.615385056,13
29,1,18.37606812,14
29,2,24.5,13
29,1,27.2435894,18
29,2,9.616346359,13
29,2,19.71153831,12
29,1,16.34615326,12
29,1,20.03205109,13
30,2,8.791209221,13
29,1,47.41674423,16
29,2,19.23077011,16
30,1,21.36752129,13
30,1,38.03418732,16
30,1,45.67307663,12
30,1,19.23077011,14
30,1,11.92307663,12
29,2,24.03846169,14
29,2,15.18218613,12
29,2,15.54828167,12
29,2,20,12
30,1,31.46853065,16
30,2,19.23077011,12
29,1,21.63461494,12
29,2,14.42307663,12
30,2,15.38461494,14
30,2,21.2550602,14
30,1,19.23173141,13
29,1,29.44711494,16
30,1,16.82692337,11
30,2,4.615384579,11
29,2,14.42307663,12
30,2,7.085020065,12
29,1,40.38461685,16
30,1,15.38461494,13
29,2,17.71255112,12
29,1,5.963461399,12
29,2,16.82692337,16
30,2,17.09401703,12
30,2,36.53845978,13
29,2,24.03846169,16
29,2,16.82692337,16
29,1,13.46153831,12
30,1,7.211538315,8
29,1,13.46153831,11
30,2,5.161538601,12
29,2,13.46153831,14
29,2,19.23077011,16
29,2,25,18
29,1,29.9145298,16
29,2,29.9145298,16
29,2,16.48351669,13
30,2,19.23077011,14
30,1,28.84615326,14
30,2,11.53846169,12
29,2,14.03326416,13
30,2,9.619711876,12
29,1,7.211538315,12
30,1,23.50427437,16
29,2,14.42307663,13
29,1,19.71153831,13
29,2,21.63461494,16
29,2,54.53450012,16
30,1,15,6
30,1,15.18218613,12
30,1,19.23077011,12
29,2,10.5,14
29,2,4.738562107,16
30,1,14.42307663,13
30,2,18.68241692,12
30,1,7.5,12
30,2,15.38461494,14
30,2,21.63461494,18
29,2,27.40384674,16
30,1,39.23077011,18
30,1,21.15384674,18
30,1,19.23077011,16
29,1,25.64102554,18
30,1,44.23077011,18
29,2,21.63461494,18
29,2,20.19230843,16
30,2,25.64102554,16
30,2,28.84615326,16
29,1,50,18
29,2,14.9572649,18
30,1,10.09615421,12
29,1,26.92307663,14
30,1,8.664422989,14
29,2,26.44230843,18
30,1,28.84615326,16
30,1,32.69230652,18
29,1,16.66666603,16
30,1,28.84615326,18
29,1,27.88461494,18
29,2,14.28571415,14
29,1,13.46153831,12
29,1,6.730769157,12
30,2,20.19230843,18
30,1,40.06410217,16
30,2,24.03846169,18
30,1,24.03846169,12
30,2,9.615385056,12
29,1,19.23077011,16
29,1,10.68376064,18
29,2,5.769230843,10
30,2,8.653845787,12
30,1,16.82692337,13
29,2,51.28205109,18
29,2,38.46154022,16
30,1,20.19230843,13
29,1,13.70192337,13
29,2,14.42307663,12
30,2,57.69230652,18
30,1,38.46154022,14
29,1,21.23077011,14
29,1,10.8740387,13
29,1,8.333333015,16
29,2,13.46263695,16
29,2,24.03846169,18
29,1,26.44230843,16
29,2,28.84615326,18
29,2,11.53846169,16
29,1,14.42307663,14
29,2,23.07692337,12
30,1,16.82692337,12
30,1,15.86538506,9
30,2,16.82692337,13
30,1,20.67307663,16
29,1,30.76922989,13
29,2,9.615385056,14
29,1,17.70833397,12
29,2,5.934065819,13
30,2,30,18
30,2,9.615385056,16
30,1,16.34615326,12
30,2,7.692307472,14
30,1,24.03926277,16
29,2,22.43589783,6
30,1,16.82692337,13
29,1,14.15384579,12
29,1,25.48077011,18
30,1,28.08675194,16
30,1,22.83653831,16
30,2,37.5,18
29,2,54.53450012,16
30,2,9.615385056,13
30,1,22.11538506,14
30,2,36.05769348,18
30,1,9.134614944,12
30,1,19.23077011,12
30,1,31.25,12
29,1,26.44230843,16
30,2,7.591093063,8
29,1,40.86538315,12
29,1,9.712510109,16
29,2,7.5,12
29,2,24.03846169,16
29,2,20.2429142,16
30,2,33.65384674,16
29,2,8.653845787,12
29,2,9.375,12
29,1,12.99376297,12
30,1,60.09615326,16
30,2,21.63461494,13
30,1,16.82692337,13
29,1,40.86538315,16
30,1,20.67307663,12
29,1,21.36752129,14
30,1,24.44444466,18
29,1,17.30769157,12
30,1,23.07692337,16
29,2,9.615385056,12
29,1,10.57692337,12
29,1,38.46154022,6
29,2,35.09615326,18
30,1,24.03846169,12
30,1,25.24038506,12
29,2,22.59615326,12
29,1,15.86538506,12
30,1,13.67521381,12
29,2,7.5,12
29,2,7.212339878,12
30,1,10.09615421,12
29,1,34.61538315,16
30,2,11.25,16
29,1,27.77777863,18
30,2,22.05882263,14
29,2,9.615385056,16
30,1,14.42307663,12
30,2,35.09615326,16
29,1,10.04807663,12
29,2,8.654808044,6
30,1,20.5128212,14
30,2,19.23077011,12
30,1,43.26922989,14
30,1,19.23077011,12
29,2,14.90384579,12
30,2,21.82952118,13
29,2,12.98076916,12
30,1,14.90384579,13
30,1,14.68531513,12
29,2,13.73626328,14
29,2,8.25,12
30,2,18.75,13
30,2,30.6837616,18
30,2,16.34615326,18
29,2,6.831984043,14
30,1,22.98077011,12
29,1,11.83431911,12
30,2,14.42307663,12
30,1,29.9145298,16
30,1,14.17004013,12
29,2,20.19230843,16
29,2,17.94871712,12
30,1,16.82692337,12
30,1,14.79591846,14
30,2,18.26922989,14
30,1,42.69230652,16
30,2,28.02197838,18
29,1,16.82692337,13
30,2,15.16272163,18
30,2,10.57692337,13
30,1,14.42307663,12
29,2,6.161538601,12
30,2,19.7435894,16
30,1,14.42307663,16
29,1,24.03846169,12
30,1,14.9572649,10
29,2,28.84615326,16
29,2,9.449500084,12
30,1,14.10624981,18
30,2,31.25,14
30,2,15.94129562,12
30,1,17.84615326,13
30,1,15.8740387,12
29,1,33.84615326,16
30,2,14.42307663,16
29,1,53.88028717,16
30,1,24.51922989,16
29,2,16.93121719,18
29,2,25.625,18
30,2,24.03846169,18
30,2,21.63461494,16
29,2,19.23077011,13
29,1,18.26922989,12
30,2,15.38461494,16
29,1,13,9
29,2,24.03942299,18
29,1,11.53846169,12
29,2,12.01923084,16
30,2,14.42307663,13
30,2,11.53846169,14
29,1,18.75,12
29,1,20.67307663,18
29,1,12.5,12
29,1,25,16
30,1,22.11538506,12
29,1,28.84615326,16
30,2,23.07692337,18
30,2,10.09615421,16
29,2,14.23076916,16
29,2,28.84615326,16
30,2,11.05769253,14
29,1,40.86538315,13
30,2,29.32692337,16
30,1,13.46153831,12
30,1,12.5,12
30,1,13.14423084,10
29,2,24.03846169,16
29,1,14.90336514,12
30,1,11.77884579,14
30,2,14.42307663,12
29,2,11.21794891,14
30,2,13.46153831,16
29,1,30.76922989,16
29,2,21.09182739,14
30,2,21.97802162,18
30,1,15.86538506,12
30,2,13.35470104,13
29,1,19.23077011,12
29,2,14.90384579,12
30,2,24.03846169,16
30,1,21.63461494,13
29,1,38.46154022,16
30,2,13.89423084,13
30,2,12.02019215,12
30,1,9.615385056,12
30,2,16.92708397,12
30,1,24.03846169,12
30,2,18.50961494,14
29,1,21.97802162,13
29,1,31.25,16
29,1,16.36538506,16
29,1,15.38461494,13
29,2,29.80769157,16
29,1,17.83286667,18
30,1,24.51922989,14
30,2,17.16346169,18
29,1,24.51922989,16
29,2,7.692307472,18
29,2,25.48077011,16
30,1,16.70040512,14
29,2,14.42307663,13
30,1,11.05769253,13
29,1,5.769230843,13
30,1,16.73077011,12
29,2,8.974358559,12
29,1,40.86538315,13
30,1,23.07692337,12
29,1,14.9572649,14
29,1,14.42307663,10
30,1,6.592788696,13
29,1,11.53846169,12
30,2,19.87179565,16
30,1,34.85577011,18
29,1,31.62447548,16
30,2,19.23077011,16
30,2,13.94230747,13
30,1,30.76922989,13
30,2,31.25,14
30,2,8.653845787,12
29,2,18.70748329,12
30,1,20.38461494,10
29,1,18.07692337,13
29,2,29.38034248,14
30,1,10.22222233,13
30,1,14.70588207,12
29,1,7.5,16
30,1,22.1149044,16
30,1,16.34615326,13
30,2,18.75,13
29,2,16.82692337,16
30,1,32.69230652,14
30,2,20.79001999,12
30,1,49.49327087,18
30,1,11.05769253,13
30,2,15.30612278,14
29,1,17.30769157,12
29,2,8.547008514,14
29,1,20.16129112,18
30,1,14.90384579,12
29,1,14.68531513,12
29,1,16.82692337,13
29,1,14.42307663,13
30,2,8.413461685,18
29,2,8.653845787,12
29,2,21.36752129,12
29,1,23.95833397,13
30,2,9.615385056,12
30,1,20.19230843,16
30,1,16.02564049,12
29,1,5,12
30,2,12.01923084,13
30,1,17.09401703,12
30,2,14.17004013,16
29,2,18.7509613,18
30,1,31.25,16
30,1,15.76923084,12
29,2,7.142857075,12
29,1,21.63461494,12
30,2,13.46153831,13
30,2,25.21367455,14
29,1,11.46153831,14
30,2,12.01923084,8
29,2,13,13
30,2,14.9572649,14
30,1,24.03846169,13
29,2,32.47863388,14
30,2,13.22115421,13
30,2,8.791209221,13
29,2,11.77884579,13
29,1,41.3943367,13
29,2,6.730769157,12
30,1,18.40659332,13
29,2,8.603239059,13
29,1,12.98076916,13
29,2,4.945055008,16
30,1,6.25,11
29,1,25,13
30,2,7.692307472,13
30,1,10.44978619,13
30,2,13.46153831,16
30,1,33.17307663,13
29,1,10.41666698,18
30,2,11.29807663,12
29,2,12.5,16
29,1,4.166666508,18
29,1,6.677350521,14
29,2,9.615385056,12
30,2,33.21678162,16
29,1,9.15750885,12
30,1,17.78846169,10
29,1,18.26922989,16
29,1,15.38461494,14
29,1,34.61538315,12
29,2,12.98076916,13
29,2,16.69281387,13
29,2,26.44230843,16
29,1,12.01923084,12
30,2,34.61538315,16
30,1,4.615384579,9
30,2,8.653845787,12
29,2,14.42307663,16
30,1,40,18
29,2,34.69387817,16
30,2,14.39102554,18
30,2,10.57692337,14
29,1,12.01923084,11
30,2,16.82788467,18
30,1,26.44230843,14
29,2,24.61538506,16
29,1,13.46153831,14
29,1,32.69230652,18
29,2,37.09999847,16
29,1,25.96153831,13
30,2,42.30769348,16
30,1,34.18803406,16
29,2,9.134614944,13
30,1,16.65144157,13
29,2,21.63461494,16
29,1,22.43589783,18
30,1,22.11538506,16
29,2,4.807692528,11
29,2,16.48351669,14
30,1,24.03846169,12
30,1,14.42307663,11
30,2,40.86538315,16
30,1,53.36538315,18
30,2,43.26922989,18
29,2,39.42307663,16
30,2,31.25,14
29,1,13.46153831,13
30,2,33.65384674,18
29,2,19.23077011,16
29,1,36.05769348,16
30,2,17.69230843,14
30,1,24.03846169,13
29,1,34.61538315,14
30,2,14.67611313,16
29,1,4.807692528,13
30,2,16.02564049,13
29,1,10.09615421,12
29,1,21.6857605,16
30,1,19.23077011,12
30,1,25.96153831,14
29,1,14.42307663,18
29,2,4.807692528,12
30,1,12.01923084,12
30,1,17.30769157,12
29,1,16.66666603,13
29,2,9.890110016,12
30,2,12.98076916,16
30,2,27.88461494,12
29,1,21.63461494,14
29,2,16.82692337,12
30,1,18,12
30,1,16.82692337,14
29,1,18.21862411,13
29,1,33.65384674,18
29,1,12.01923084,12
29,2,29.32692337,18
30,2,44.59134674,16
30,1,15.625,13
29,1,17.1428566,12
30,1,12.14574909,12
30,1,17.98077011,16
30,1,26.92307663,13
29,2,24.03846169,13
29,1,8.97959137,6
29,2,23.07692337,13
30,2,16.34615326,14
30,1,14.52991486,13
30,2,9.615385056,14
30,2,21.63461494,18
29,1,45.67307663,18
30,2,9.567307472,12
29,2,38.46154022,18
30,1,38.46154022,16
29,2,18.75,12
30,2,8.375,9
30,1,33.65384674,18
29,2,19.23077011,16
29,1,14.9572649,12
30,1,7.211538315,12
30,2,7.692307472,12
30,1,21.63461494,16
30,1,24.03846169,14
29,1,13.19999981,14
30,2,7.142857075,14
30,1,24.78632545,13
29,1,25.10683823,16
30,1,26.62721825,16
29,1,34.61538315,16
29,2,23.07692337,14
29,1,16.73077011,14
30,1,12.01923084,13
30,1,37.5,13
30,1,16.02564049,16
29,2,14.28571415,14
29,1,45.1663475,18
30,1,12.5,9
30,2,18.26922989,18
30,2,12.98076916,16
29,1,33.17307663,16
30,1,16.82692337,12
30,1,35.25640869,12
30,1,28.84615326,16
30,2,13.46153831,12
30,2,33.65384674,16
30,2,7.47863245,12
29,1,11.77083302,12
29,2,12.01923084,12
29,2,11.60000038,14
29,2,11.53846169,12
29,2,20.19230843,16
30,2,31.53846169,13
30,1,35.33961487,14
30,1,19.23077011,12
29,1,28.84615326,16
30,1,16.82692337,12
30,1,26.49572563,12
30,1,17.52136803,16
30,1,10.57692337,13
29,2,12.01923084,12
29,1,14.31623936,13
29,2,5.711538315,13
30,1,18.02884674,13
30,1,13.98601437,12
30,1,8.760684013,12
29,1,15.38461494,16
30,2,14.52991486,16
30,1,10.2136755,10
29,1,13.22115421,12
30,2,19.23077011,18
29,1,21.75,14
30,2,14.42307663,13
30,1,16.02564049,16
30,1,23.07692337,16
30,1,35.04273605,12
29,1,26.16645622,13
29,2,18.07692337,13
30,1,7.371794701,12
29,2,6.656804562,6
29,1,4.567307472,12
29,1,23.50427437,18
29,1,25.64102554,13
30,2,11.96581173,13
30,1,13.46153831,16
29,2,15,16
29,2,32.69230652,18
30,1,7.692307472,13
29,1,15.625,12
29,1,26.44230843,16
29,1,26.22377586,12
29,1,14.61538506,16
29,1,15.38461494,13
29,1,14.42307663,12
29,2,10.25961494,13
29,1,16.34615326,13
30,1,34.96503448,12
30,1,8.012820244,13
30,2,6.490384579,14
30,2,5.876068592,14
30,2,7.179487228,13
30,2,22.22222137,16
29,1,14.42307663,13
30,2,2.747252703,12
29,2,14.42307663,11
29,2,13.46153831,14
29,1,21.15384674,12
30,2,8.241758347,12
29,1,17.09401703,12
29,1,11.53942299,12
30,2,7.692307472,13
30,1,19.96318626,16
29,2,6.609230995,12
29,2,8.741258621,14
30,2,18.80341911,16
30,2,18.75,18
30,1,20.38461494,16
30,1,6.372549057,16
30,2,9.615385056,16
30,1,21.63461494,13
30,1,28.36538506,13
29,2,16.34615326,14
30,1,25.48077011,12
30,1,52.88461685,16
30,2,17.30769157,16
29,2,9.890110016,10
30,2,4.807692528,12
30,2,7.211538315,16
29,2,16.19230843,16
30,1,26.44230843,16
29,2,40.21977997,18
30,1,9.615385056,16
29,1,27.88461494,18
29,2,6.538461685,12
29,1,13.98601437,12
29,2,18.26922989,12
30,1,12.02019215,16
29,2,8.25,12
30,1,14.42307663,13
29,2,9.807692528,12
29,1,19.23077011,18
30,2,7.692307472,18
30,2,23.55769157,14
30,1,40.86538315,16
29,2,15,12
29,2,23.07692337,16
30,1,16.02564049,16
30,2,13.94230747,13
29,1,4.807692528,14
30,1,13.73626328,12
30,1,7.692307472,16
29,2,16.82692337,12
29,2,14.42307663,14
29,1,19.23077011,16
29,2,25,18
30,1,41.53845978,14
30,2,26.15384674,18
30,2,17.30769157,16
30,2,21.2550602,16
29,1,44.23077011,16
29,1,13.46153831,13
30,2,25,16
30,1,40.86538315,16
29,1,19.23077011,16
29,2,14.42307663,12
30,1,18.26922989,12
29,2,19.23077011,16
30,1,27.5,14
29,1,16.82692337,13
30,1,2.292647123,12
30,1,28.84615326,14
30,2,19.23077011,14
29,1,14.42307663,12
29,1,13.07692337,12
30,1,11.05769253,12
29,1,15.86538506,12
29,2,8.17307663,12
30,2,24.03846169,14
30,1,33.90673065,16
30,1,34.18803406,16
29,2,43.26922989,16
29,2,9.615385056,13
30,1,42.30769348,16
30,2,28.84615326,18
30,2,13.46153831,14
29,2,13.46153831,12
29,2,11.53846169,13
29,1,20.0854702,13
30,2,19.23077011,13
29,1,18.86094666,16
30,2,14.42307663,12
30,2,18.73767281,13
30,1,4.273504257,18
30,2,35.57692337,18
30,2,10.81730747,13
29,2,27.42307663,16
30,1,19.85577011,16
29,2,12.98076916,12
30,1,13.2867136,8
30,2,26.92307663,18
30,1,9.5,6
29,2,11.53846169,16
30,1,34.13461685,14
30,1,14.61538506,14
30,2,12.01923084,12
30,2,25,12
29,1,12.77923107,16
30,2,17.78846169,16
29,1,12.01923084,12
30,1,9.710577011,14
29,2,26.44230843,16
29,1,31.73077011,12
30,2,10.09615421,13
30,2,11.92307663,16
30,1,25,16
30,1,19.23077011,14
29,1,21.15384674,12
30,1,22.11538506,16
30,1,18.50961494,13
29,1,15.38461494,12
30,1,9.134614944,10
29,2,16.82692337,14
29,1,19.23077011,14
30,2,12.01923084,16
29,2,21.15480804,16
30,1,12.47401237,12
29,2,12.69791698,12
29,2,10.98901081,12
30,2,13.46153831,16
29,2,9.615385056,13
29,1,17.30769157,12
30,1,7.211538315,13
30,2,14.42307663,16
30,1,6.610577106,16
29,2,13.94230747,14
29,1,13.94230747,12
29,2,17.06730843,13
30,1,15.38461494,11
30,1,7.692307472,12
30,2,5.769230843,12
29,2,17.30769157,13
30,2,7.5,12
30,1,12.01923084,12
30,2,21.63461494,14
30,2,6.490384579,12
30,2,22.83653831,16
29,2,8.653845787,16
29,1,8.846154213,13
30,1,25,16
30,2,41.04395676,18
30,1,9.41915226,16
29,1,8.413461685,16
30,1,3.205128193,18
30,2,18.26922989,18
29,1,28.84615326,12
29,1,15.86538506,11
29,2,14.42307663,12
29,1,20.83333397,12
30,2,6.25,12
30,2,14.42307663,14
29,2,9.615385056,13
29,2,17.78846169,18
29,2,20.19230843,16
29,1,15.38461494,13
30,2,20.5128212,18
30,1,29.12087822,16
29,1,19.23077011,12
29,1,19.23077011,12
29,2,17.54807663,14
30,1,9,12
30,1,17.30769157,18
30,1,18.79370689,16
30,1,21.49038506,12
29,2,11.53846169,12
30,1,27.88461494,16
30,2,21.63461494,12
29,2,13.46153831,13
30,2,11.53846169,16
30,1,17,16
29,2,20,16
29,2,22.59615326,13
30,2,8.17307663,13
30,2,9.615385056,12
30,2,19.23077011,16
30,2,14.42307663,12
30,1,23.66863823,16
29,2,17.30769157,13
29,1,24.03846169,16
29,1,11.53846169,12
30,1,24.03846169,16
30,2,15.38461494,18
29,2,13.94230747,14
29,1,35.41827011,16
29,1,24.03846169,16
30,1,19.23077011,13
29,1,26.44230843,14
30,2,14.42307663,13
30,2,7.417582512,12
29,1,17.30769157,13
29,2,12.14574909,13
29,2,6.410256386,13
30,2,17.74038506,13
30,2,12.01923084,16
29,1,9.615385056,12
30,1,10.89743614,16
29,1,20,13
30,2,13.75,16
30,1,15,16
30,2,12.5,13
29,2,6,13
30,1,11.53846169,13
30,1,16.45299149,12
30,2,13.73626328,16
30,1,10.57692337,14
30,2,17.52136803,18
29,1,15.38461494,13
30,2,16.34615326,16
30,1,18.62745094,12
29,1,10.98901081,13
30,1,14.42307663,14
30,1,19.23077011,13
30,1,14.90384579,14
30,2,12.01923084,13
30,1,17.09401703,14
29,1,19.23077011,16
30,1,21.6857605,16
29,1,15.38461494,14
29,1,21.63461494,13
30,2,8.547008514,16
29,1,9.760937691,13
30,1,15,16
30,1,45.0549469,13
30,2,12.5,16
30,1,23.84615326,18
30,1,3.599999905,12
29,1,25,16
29,1,16.66666603,13
30,1,25.4788456,13
29,1,13.63636398,12
30,2,13.94230747,16
30,2,8.653845787,12
29,1,18.42948723,14
29,2,7.451922894,16
30,1,11.11888123,12
29,2,9.340659142,14
30,2,13.46153831,16
29,1,17.30769157,16
29,1,9.340659142,14
29,1,13.46153831,18
30,1,16.82692337,14
30,2,20.12522316,16
29,1,18.14903831,12
30,2,21.9017086,14
30,2,11.1336031,16
29,2,9.615385056,14
29,2,9,12
30,1,17.30769157,14
30,1,6,12
29,1,21.63461494,14
30,2,18.75,14
29,2,12.5,13
30,2,15.18218613,12
29,1,8.823529243,13
29,1,7.65306139,12
30,1,26.49572563,12
30,2,17.30769157,16
29,1,10.52631569,13
29,1,26.92307663,14
30,1,8.653845787,12
29,1,11.53846169,14
29,2,14.61538506,16
30,2,15.625,18
30,1,18.02884674,13
30,1,12.5,12
30,1,15.38461494,12
29,1,14.9572649,13
30,2,25.66682625,13
30,1,16.41650963,12
29,1,13.46153831,12
30,1,11.6279068,12
29,1,10.35503006,16
30,1,17.78846169,12
29,2,11.53846169,16
30,2,24.51922989,16
30,1,28.84615326,12
29,2,9.368131638,12
29,1,9.615385056,10
30,1,17.11538506,9
29,1,29.80769157,16
30,1,14.42307663,14
30,1,12.01923084,9
29,2,12.98076916,6
30,1,14.42307663,12
29,2,9.615385056,12
29,2,7.692307472,14
29,1,10.09615421,11
30,2,13.94230747,16
29,2,21.97802162,16
30,1,14.70588207,12
29,2,17.01922989,16
30,1,29.9145298,18
29,1,23.80952454,12
29,2,14.61538506,14
30,2,3.846153736,16
30,2,8.17307663,13
30,1,8.012820244,14
30,1,12,14
29,2,10.57692337,16
29,2,10.57692337,12
30,2,15.625,16
30,1,24.72527504,12
30,2,25,18
30,2,18.26922989,14
30,2,16.82692337,13
30,2,22.64422989,12
29,1,7.211538315,12
29,2,4.700854778,14
30,1,21.63461494,12
30,2,17.30769157,16
29,1,14.82371807,12
30,2,9.743589401,12
30,1,23.55769157,16
30,1,9.230769157,12
29,2,11.25,16
29,1,17.48251724,14
30,2,9.615385056,12
30,1,13.78205109,14
30,1,22.18934822,16
30,2,12.98076916,12
30,2,9.615385056,12
30,2,15,16
29,1,15.29720306,12
29,1,11.21794891,12
29,2,6.656804562,10
30,1,48.07692337,16
30,2,21.36752129,18
30,1,3.846153736,12
30,2,24.03846169,16
30,1,24.03846169,13
29,1,14.42307663,13
29,1,5,11
29,1,21.15384674,12
29,1,13.46153831,9
29,1,22.69230843,12
30,1,16.66666603,12
29,1,21.15384674,13
30,1,12.39316273,9
30,2,3.205128193,10
30,1,20.03205109,14
29,1,25.48077011,12
30,2,11.05769253,16
30,1,38.46154022,16
29,2,19.23175621,18
29,1,75.91093445,16
29,1,16.82692337,10
30,1,27.77777863,12
30,2,6.730769157,8
29,1,16.82692337,12
30,1,15.86538506,13
30,2,11.05769253,16
30,1,4.262820721,13
30,1,13.98601437,13
29,2,13.46153831,13
29,2,5.961538315,12
29,1,10.38461494,14
30,2,7.051281929,18
29,1,17.78846169,16
30,1,30.67765617,14
29,2,8.603239059,13
29,1,17.05128288,13
29,1,15.38461494,12
30,2,10.09615421,12
30,1,6.923077106,16
30,2,5,16
30,1,31.76922989,12
30,2,9.134614944,11
29,2,18.69658089,14
29,2,12.82051277,12
30,1,25,14
29,1,33.65384674,14
29,2,11.21794891,13
30,2,13.46153831,13
30,1,21.63461494,13
29,1,20.19230843,14
30,1,16.48351669,13
29,2,19.23077011,12
29,1,42.78845978,12
30,2,40.86538315,18
29,1,18.26922989,12
29,2,14.9572649,16
30,1,14.90480804,12
30,2,11.63967609,16
30,1,26.95499992,13
29,2,10.09615421,12
30,2,13.87733841,14
30,2,15.38461494,13
29,2,9.615385056,12
29,1,22.11538506,16
29,2,6.730769157,6
29,2,3.692307711,12
29,1,20.67307663,18
30,1,12.5,12
30,1,11.53846169,14
29,1,11.53846169,12
30,1,10.38461494,11
30,2,28.84615326,14
29,2,18.49112511,12
29,1,13.98601437,16
30,2,20.5128212,18
29,2,14.42307663,16
29,2,9.615385056,11
30,2,19.61538506,18
29,1,19.23077011,14
30,2,21.63461494,16
30,1,57.69230652,18
29,1,42.30769348,16
30,1,16.34615326,16
29,2,21.15384674,18
29,2,19.23077011,16
30,1,22.99331093,13
29,1,58.54700851,18
29,2,30.76922989,16
29,1,14.9572649,12
30,1,12.01923084,12
29,2,11.53846169,14
30,1,37.69230652,16
29,2,4.903846264,12
29,2,17.69230843,18
30,1,20.5128212,12
30,2,21.63461494,16
29,2,10.5,13
29,2,7.692307472,12
29,1,33.65384674,13
29,1,13.84615421,12
29,2,12.01923084,16
30,2,14.42307663,18
30,1,17.78846169,13
29,2,6.730769157,13
29,1,10.09615421,16
29,2,12.01923084,12
29,1,10,12
30,2,21.63461494,13
29,1,9.615385056,12
29,2,37.98077011,13
29,2,40.38461685,16
30,1,14.0625,11
29,2,13.46153831,16
30,2,24.27884674,16
29,2,10.39500999,14
30,2,22.21153831,16
30,1,12.98076916,14
29,1,10.07326031,12
30,2,18.07692337,13
29,1,30.76922989,13
30,2,16.82692337,12
30,1,19.23077011,12
29,1,17.30769157,13
29,2,19.23077011,16
29,1,43.26922989,12
30,1,15.18218613,13
30,2,6.5,14
30,1,33.65384674,18
29,2,14.42307663,12
30,2,5.288461685,14
29,1,18.26922989,16
29,2,5.769230843,18
30,1,38.46154022,18
30,1,42.73504257,16
30,2,24.03846169,18
30,2,16.82692337,12
29,2,15.38461494,14
30,2,28.84615326,13
30,1,9.615385056,13
29,2,16.82692337,12
30,1,9.518259048,12
30,2,9.615385056,13
29,2,9.615385056,12
30,1,15.06410217,13
30,1,9.216345787,6
29,1,16.53846169,18
29,2,6.730769157,14
30,1,18.68131828,16
29,1,20.83333397,13
29,2,17.30865479,13
29,1,20.19230843,14
29,1,33.65384674,13
29,1,15.625,13
30,1,13.94230747,6
29,1,16.82692337,12
30,2,19.23077011,16
29,1,24.03846169,14
29,1,49.03845978,18
29,2,27.88461494,16
29,2,21.63461494,18
30,2,23.5,16
29,1,12.01923084,13
29,1,19.03605843,13
29,2,13.46153831,14
30,2,20.03205109,16
29,2,26.22377586,18
29,1,4.80817318,12
30,1,28.84615326,16
30,2,12.82051277,13
29,2,21.63461494,16
29,2,9.615385056,12
29,1,16.82692337,18
30,2,21.63461494,13
29,1,12.01923084,6
29,2,14.42307663,13
30,2,7.692307472,12
30,1,6.730769157,12
30,2,28.36538506,18
30,2,27.2435894,16
30,1,21.92384529,16
30,2,36.05769348,18
30,1,6.25,13
30,2,23.07692337,18
30,2,24.03846169,18
30,1,27.64422989,12
30,1,31.92307663,16
29,1,40.86538315,16
30,1,6.009615421,18
29,1,20.97902107,16
29,2,36.05769348,18
30,2,16.48351669,13
29,1,19.23077011,18
29,1,22.3776226,16
29,2,16.64201164,16
30,1,7.396449566,13
30,1,25.38461494,18
30,1,40.38461685,16
30,2,65.86538696,16
29,2,27.77777863,16
29,1,13.46153831,8
29,2,26.77514839,18
30,1,37.5,16
30,1,30.76922989,18
29,1,22.72727203,16
29,2,25.48077011,18
30,2,33.65384674,18
30,1,35.89743423,16
30,1,29.43485069,18
30,2,24.03846169,18
30,1,32.69230652,16
30,1,53.82538605,16
29,2,8.516483307,18
29,1,26.92307663,18
30,2,19.23077011,18
30,2,25.96153831,13
30,2,36.05769348,16
30,2,23.07692337,16
29,1,28.84615326,16
30,1,38.46154022,18
29,1,13.46153831,13
30,2,16.82692337,16
30,2,16.82788467,13
29,2,40.86538315,18
29,2,11.83431911,16
29,1,43.26922989,16
30,1,7.142857075,6
30,1,10.71428585,13
29,2,23.54788017,16
30,1,7.211538315,6
30,1,5.769230843,12
29,2,13.46153831,9
30,1,20.19230843,16
30,2,30.09615326,18
29,1,38.46154022,16
29,2,28.36538506,16
30,2,17.30769157,16
29,2,12.98076916,13
29,1,14.42307663,13
30,1,9.616346359,18
29,2,9.616346359,18
29,2,15.38461494,13
30,2,28.84615326,18
29,2,12.30769253,18
30,2,53.84615326,18
30,2,17.73269272,14
29,1,28.84615326,13
29,2,10,14
29,1,17.30769157,12
29,2,7.692307472,11
30,2,11.53846169,12
30,1,7.461538315,16
30,1,9.615385056,12
29,1,22.43589783,18
29,1,25.17482567,13
30,2,8.413461685,13
30,2,13.46153831,12
30,2,8.241758347,12
29,1,20.19230843,16
29,2,18.34134674,18
30,2,15.86538506,13
29,1,3.846153736,12
29,1,28.84615326,16
30,1,14.42307663,12
29,2,11.11111069,12
29,2,16.34615326,12
29,1,16.15384674,11
30,2,14.42307663,12
29,1,12.98076916,13
30,1,14.76923084,16
30,2,15.86538506,14
29,1,15.38461494,12
30,2,14.42307663,13
29,2,14.42307663,14
29,2,26.44230843,18
29,1,34.61538315,16
29,1,12.01923084,12
29,2,32.21154022,13
29,1,11.05769253,13
29,1,25,13
29,1,6.730769157,16
29,2,14.42307663,16
30,1,18.59410477,16
29,2,11.53942299,13
29,2,22.59615326,16
30,1,41.34615326,16
30,2,38.46154022,16
29,1,16.82692337,16
30,1,71.15384674,18
29,1,35.37548065,12
30,2,15,12
29,1,10.09711552,10
30,1,25,13
30,2,11.53846169,12
30,2,13.73626328,13
29,2,16.82692337,13
29,2,24.03846169,16
29,1,12.01923084,12
30,1,20.83333397,16
29,2,55.28845978,16
29,1,36.32478714,18
30,2,33.65384674,18
30,2,22.59615326,13
29,1,34.61538315,13
29,1,25.94038391,16
29,2,24.03846169,18
30,2,17.30769157,12
30,2,15.38461494,13
30,1,32.69230652,16
29,1,12.5,13
30,2,15.68825912,18
29,1,14.42307663,16
30,1,36.05769348,16
30,1,20.19230843,12
30,1,8.241758347,12
30,2,5.074786186,16
29,1,12.01923084,13
30,1,38.46154022,16
30,1,11.05769253,12
30,1,17.30769157,16
30,2,19.23077011,16
29,1,16.82692337,16
29,1,8.653845787,13
29,1,20.19230843,16
30,1,6.730769157,12
29,2,10.09615421,13
29,2,15.38461494,12
30,1,27.47252655,12
29,1,19.23077011,18
30,1,32.5,12
29,2,7.692307472,14
29,1,11.53846169,13
29,2,5.917159557,12
29,1,21.63461494,12
30,1,6.25,12
30,1,12.01923084,12
30,1,7.693269253,12
29,2,15.38461494,13
29,1,13.22115421,13
30,1,11.53846169,12
30,1,14.42307663,12
29,2,8.653845787,12
30,1,22.11538506,16
29,1,9.890110016,6
29,1,13.73626328,12
30,2,15.86538506,16
29,1,12.17948723,13
29,1,19.23077011,18
29,2,8.413461685,13
30,1,12.98076916,14
29,1,19.5,16
30,2,13.18181801,16
30,2,27.40384674,16
29,1,7.692307472,16
29,1,14.42307663,12
30,2,14.42307663,13
30,1,18.75,16
29,1,14.42307663,16
30,1,24.03846169,14
29,1,16.56804657,12
30,1,23.50427437,16
30,2,26.04166603,12
30,2,9,12
29,1,13.46938801,12
29,1,17.30769157,13
30,1,10.57692337,9
30,2,10.98901081,10
29,1,17.30769157,16
29,2,21.63461494,18
30,1,20.19230843,18
29,2,19.23077011,16
30,1,28.84615326,16
29,2,24.03846169,18
30,1,8.846154213,12
30,2,31.46853065,13
29,1,12.5714283,12
30,1,29.80769157,14
30,1,40.38461685,13
29,1,13.46153831,12
29,1,19.23077011,16
29,1,21.63461494,18
30,2,12.01923084,12
29,1,12.36263752,9
30,2,30.98290634,16
30,2,29.35222626,16
29,1,11.53846169,13
30,2,15.38461494,12
30,1,19.23077011,12
30,2,14.42307663,16
29,1,32.05128098,16
29,2,15.86538506,14
29,1,14.52991486,12
30,1,32.69230652,16
29,2,40.86538315,16
29,1,22,12
29,1,21.63461494,12
30,1,38.46154022,12
29,1,17.30769157,11
29,2,14.90384579,16
30,1,11.53846169,12
30,1,14.39999962,12
29,1,16.23931694,12
29,2,10.09615421,12
30,2,14.90384579,16
30,1,13.17016315,16
29,1,18.02884674,12
29,1,10.57692337,10
30,2,6.25,12
30,1,9.615385056,16
30,2,11.15384579,14
29,1,19.27884674,12
30,2,36.05769348,12
30,2,9.134614944,13
29,1,15.38461494,12
29,1,56.73077011,16
29,2,12.5,13
30,1,8.241758347,11
30,2,22.11538506,16
29,1,8.17307663,12
30,1,21.36752129,13
30,1,16.82692337,13
29,1,12.01923084,12
29,1,21.08653831,13
30,2,29.70085526,16
30,1,21.63461494,12
29,1,21.63461494,13
30,1,21.63461494,18
29,2,9.615385056,13
30,1,16.82692337,13
29,1,19.23077011,16
29,2,15.38461494,12
30,1,19.23077011,18
29,2,20.5128212,18
29,1,19.23077011,16
30,1,13.77024269,12
29,2,5.829121113,12
29,1,18.21862411,14
29,2,21.63461494,16
30,2,32.05128098,16
30,2,14.9572649,13
29,1,15.38461494,12
30,1,24.03846169,16
29,1,10.57692337,8
29,1,28.84615326,16
30,2,23.07692337,16
29,2,22.11538506,16
29,2,25,16
29,2,10.39500999,14
29,2,7.932692528,12
30,2,19.23077011,16
29,2,31.73077011,18
30,1,14.42307663,13
29,1,39.5530777,13
29,1,22.69230843,16
30,1,13.46153831,12
29,2,10.12095165,14
30,1,20.67307663,13
30,1,26.44230843,13
30,1,17.48251724,14
30,1,10.57692337,12
29,2,12.01923084,12
29,1,16.82788467,14
30,2,23.31730843,18
29,1,8.289124489,13
30,2,10.50983906,13
29,1,15,13
29,1,15.29720306,14
30,1,13.89423084,12
30,1,11.53846169,14
29,2,14.83516502,13
30,2,29.9145298,18
29,1,10.67403889,13
30,1,14.66346169,16
30,2,8.406923294,12
29,2,11.53846169,18
29,1,18.26922989,16
30,2,13.97959137,16
29,2,6.95581007,12
29,2,21.97802162,13
29,2,18.26922989,18
29,2,10.09615421,12
30,2,8.653845787,12
29,2,11.30000019,13
29,2,36.32478714,13
29,2,4.662004471,16
29,1,21.63461494,12
29,1,16.82692337,12
29,1,26.92307663,13
30,1,25.64102554,12
30,2,14.42307663,12
30,1,6.25,14
30,1,41.47299957,16
30,1,21.67832184,16
29,1,33.65384674,16
29,2,25,18
29,1,28.84615326,14
29,1,16.66666603,12
30,2,28.84615326,18
30,2,13.94230747,14
30,2,19.23077011,16
29,1,19.23077011,12
30,1,15.06410217,12
29,1,16.82692337,13
30,2,8.653845787,16
30,1,31.25,16
30,2,19.23077011,18
30,2,2.051282167,12
30,1,36.53845978,13
29,2,13.87788486,16
29,1,4.273504257,12
29,2,34.72222137,16
29,1,8.17307663,13
29,1,11.85897446,12
29,1,4.326922894,11
29,1,40.86538315,16
29,2,12.01923084,13
29,2,10,16
30,2,19.23077011,16
30,2,17.5,14
29,1,15.22435856,16
30,2,9.615385056,12
30,2,24.03846169,16
30,2,11.05769253,12
30,2,13.46153831,12
29,1,10.09615421,14
30,2,10.09615421,14
30,2,25,18
30,2,7.211538315,14
30,1,11.53846169,13
30,2,17.30769157,14
30,1,28.84615326,14
29,1,32.05128098,16
30,2,11.5,13
29,2,9.861932755,12
30,2,9.401709557,16
30,1,25,13
30,1,15.38461494,13
29,2,13.75,16
30,1,26.92307663,12
29,2,14.42307663,16
29,1,14.90384579,13
30,2,20.19230843,12
30,1,27.47252655,9
30,2,74,18
30,1,36.05769348,16
30,1,9.615385056,13
30,2,12.01923084,18
29,1,15.86538506,13
29,1,23.07692337,12
30,2,16.97115326,12
30,2,7.692307472,12
29,1,28.84615326,13
29,1,4.807692528,13
30,2,12.01923084,13
30,2,16.82692337,16
29,2,22.5,16
30,2,20.67307663,13
29,2,17.66608429,14
29,2,19.23077011,16
30,1,16.66666603,12
30,2,9.615385056,12
30,2,21.97802162,14
30,2,22.11538506,16
29,1,21.15384674,13
30,2,17.93269157,16
29,2,9,13
29,2,27.47252655,18
30,1,16.02564049,18
30,1,24.03846169,18
30,2,14.42307663,12
30,2,6.072874546,12
29,1,8,12
30,2,35.38461685,16
30,2,12.25,14
30,2,9.615385056,16
30,2,27.88461494,16
30,2,16.66666603,16
30,2,15.38461494,14
29,1,34.18803406,16
29,1,67.30769348,16
30,2,14.42307663,13
29,2,8.653845787,12
30,1,14.42307663,12
29,1,24.03846169,12
30,2,12.01923084,12
30,1,13.73626328,13
30,2,13.46153831,13
29,1,25.51020432,12
30,1,18.26922989,12
30,2,8.653845787,12
30,1,18.49112511,12
30,2,7.03125,12
29,1,26.44230843,12
29,2,11.05769253,13
30,1,19.23077011,13
29,2,7.8125,14
30,1,11.60000038,10
30,1,9.615385056,12
29,2,4.807692528,12
29,2,5.769230843,12
30,1,19.23077011,12
29,2,4.807692528,6
29,2,6.346153736,16
29,1,13.98601437,13
29,1,7.5,12
29,2,8.699999809,14
30,1,16.02564049,12
29,2,14.42307663,12
29,1,15.38461494,13
30,1,16.34615326,12
29,2,6.730769157,13
29,2,16.53846169,18
30,1,14.61538506,13
30,2,14.13461494,18
30,1,11.53846169,12
29,1,15.38461494,12
30,2,19.23077011,14
30,1,38.46154022,12
30,1,12.01923084,14
29,1,8.000961304,12
30,2,24.03846169,14
30,1,11.53846169,12
29,2,33.65384674,12
29,2,13.8134613,18
30,1,25.21367455,18
30,2,12.5,16
30,1,6.410256386,13
29,1,28.52564049,16
29,1,13.46153831,14
29,1,32.21154022,12
29,2,9.615385056,16
29,1,13.65384579,16
29,2,13.22211552,14
29,2,11.53846169,12
30,2,11.53846169,12
30,2,9.615385056,18
29,1,12.39316273,11
30,1,28.20512772,13
30,2,10.57692337,16
30,2,23.03701973,13
29,2,12.76223755,16
30,2,12.98076916,13
30,2,17.30769157,16
30,1,13.46153831,12
29,1,23.07692337,13
30,1,17.58241844,13
29,1,11.88811207,16
29,1,7.211538315,8
29,2,60.57692337,18
30,1,21.63461494,13
30,2,11.30576897,13
29,1,13.46153831,18
29,1,22.8115387,12
29,1,12,10
29,1,32.69230652,16
29,2,16.82692337,16
30,2,9.615385056,12
30,2,23.03701973,13
29,2,10.57692337,16
29,2,4.326922894,10
30,1,7.115384579,8
29,1,11.97500038,10
30,2,15.38461494,12
30,2,11.05769253,12
30,1,38.46154022,13
29,1,33.65384674,13
29,2,28.93518448,16
30,1,9.615385056,12
29,1,12.5,16
29,2,19.71153831,12
30,2,9.615385056,12
30,1,25,13
29,1,12.5,12
30,2,14.10256386,12
30,1,19.23077011,13
29,2,38.46154022,16
30,1,13.02083302,14
29,2,14.42307663,16
30,1,9.399038315,12
30,2,11.21794891,12
30,1,28.84615326,13
30,1,12.01923084,8
29,1,26.44230843,14
29,2,8.653845787,12
29,2,8.653845787,12
29,1,39.42307663,16
29,2,16.82692337,12
30,1,19.23077011,14
29,1,9.615385056,10
29,2,9.985207558,13
29,1,10.68376064,12
29,2,9.375,13
30,1,8.097166061,11
30,1,14.90384579,16
30,1,18.84230804,12
30,1,19.23077011,14
30,1,4.807692528,6
29,1,21.92307663,12
29,2,24.03846169,13
30,1,11.05769253,12
29,1,12.01923084,12
29,1,30.61740875,12
30,1,12.5,12
30,2,30.28846169,16
29,1,14.44855785,13
30,1,19.23077011,13
30,2,12.82051277,11
29,1,8.17307663,12
30,1,10.39500999,13
30,2,18.5,18
29,2,17.30769157,16
30,2,11.53846169,13
30,1,12.26790428,12
30,2,18.26922989,12
29,2,16.10577011,13
29,1,8.012820244,12
29,1,11.92998028,9
30,1,14.42307663,16
29,1,5.769230843,11
29,2,21.63461494,12
30,1,28.84615326,14
29,1,28.84615326,18
29,1,24.03846169,13
30,2,7.692307472,12
30,2,11.20879078,12
30,2,10.57692337,12
29,2,20.2429142,13
29,1,14.42307663,9
29,2,14.98076916,14
30,1,6.730769157,12
30,2,12.28571415,12
29,1,10.68376064,13
30,1,12.5,12
29,2,9.615385056,12
29,1,26.44230843,13
30,1,25.48077011,13
29,2,6.730769157,12
30,2,24.03846169,16
30,2,9.615385056,8
29,2,11.53846169,14
30,1,13.63636398,16
30,1,12.76923084,12
30,2,10.57692337,12
29,2,6.730769157,12
29,2,4.615384579,11
29,1,43.26922989,16
29,2,21.15384674,18
29,2,5.769230843,14
29,1,19.23077011,13
29,2,11.375,10
29,2,11.53846169,12
29,2,25.48077011,14
30,1,18.26922989,12
30,1,11.53846169,12
29,1,9.615385056,13
29,1,13.73626328,13
30,2,8.012820244,12
29,1,12.01923084,12
29,1,4.120879173,16
30,2,12.01923084,13
30,2,24.03846169,18
30,2,28.84615326,18
29,2,10.09615421,13
29,2,29.80769157,13
30,2,14.42307663,16
29,1,14.42307663,16
29,2,15.93406582,16
30,2,14.42307663,14
29,2,26.44230843,16
30,1,7.692307472,12
30,2,12.01923084,12
30,2,10.6275301,14
30,2,22.97008514,14
30,1,76.92308044,16
29,1,36.05769348,13
30,1,31.25,13
30,1,8.974358559,12
29,2,8.653845787,12
30,1,16.82692337,12
30,2,16.82692337,13
29,1,3.605769157,12
29,1,14.28571415,13
29,1,24.03846169,12
29,1,30.76922989,13
29,2,14.42307663,14
30,1,12.98076916,12
29,2,22.11538506,13
30,1,16.82692337,12
30,1,12.01923084,12
30,1,6.730769157,16
29,1,22.43589783,13
29,1,7.211538315,14
29,2,10.5,12
29,2,7.276507378,8
29,1,27.88461494,16
30,2,18.46153831,12
29,2,13.84615421,12
29,1,12.67500019,12
29,1,17.09401703,12
29,1,13.84615421,12
30,1,31.25,16
30,1,21.1428566,12
30,1,14.5348835,12
30,2,9.211057663,13
30,1,21.4285717,12
29,2,6.593406677,12
30,1,10.2564106,13
29,2,14.42307663,14
30,1,13.84615421,14
30,2,12.01923084,13
30,1,21.63461494,12
29,1,10.09711552,12
29,2,10.57692337,12
29,2,11.25,12
29,1,21.15384674,16
29,1,14.58333302,12
30,2,20.19230843,16
29,1,10,12
30,2,12.01923084,12
29,2,9.615385056,16
30,2,22.59615326,13
30,1,32,18
29,1,34.18803406,16
29,2,8.07692337,12
30,2,14.79289913,16
30,1,25.7142849,13
30,2,8.653845787,16
30,1,11.11111069,12
30,1,16.15384674,16
30,2,18.46153831,16
30,2,16.34615326,13
29,1,18.81270981,16
30,1,15.86538506,14
30,1,14.23076916,6
30,2,6.730769157,12
29,2,10.57692337,14
29,1,3.75,9
29,2,10.57692337,13
29,1,10.2564106,13
30,1,12.5,10
30,2,12.09150314,12
30,1,33.41880417,16
29,1,14.90384579,12
30,2,8.17307663,9
30,2,5.769230843,10
29,1,23.54788017,12
30,2,22.18934822,14
29,2,18.80341911,13
30,2,15.86538506,12
29,1,24.54991722,13
29,1,24.03846169,18
29,1,18.46153831,13
29,2,9.134614944,12
30,1,13.46217918,8
29,1,11.53846169,12
30,1,19.23077011,12
30,2,13.94230747,13
29,1,4.807692528,12
29,1,30.76922989,16
29,2,6.373626232,6
30,1,30.09615326,13
29,2,12.5,12
29,2,15.86538506,16
30,2,19.23077011,16
30,1,28.84615326,16
29,1,12.82136726,13
30,2,6.25,12
30,2,11.05769253,12
30,1,82.41757965,16
29,1,21.15384674,12
29,2,16.34615326,13
29,1,26.92307663,14
30,1,15,12
29,1,14.42307663,12
30,1,7.692307472,12
30,2,25,16
30,2,8.974358559,16
30,2,12.5,6
30,1,38.46154022,18
30,2,31.25,18
29,2,14.42307663,12
29,2,11.53846169,12
30,1,7.489878654,6
29,2,6.25,12
30,1,14.76923084,13
29,2,11.27450943,13
29,1,12.98076916,12
30,2,21.15384674,16
29,1,10.09615421,13
29,2,18.26922989,14
29,2,15.38461494,13
30,1,22.18934822,13
30,2,4.807692528,12
30,1,19.23077011,12
29,1,10.57692337,14
29,2,33.65384674,14
29,1,21.63461494,16
29,2,23.07692337,16
29,2,11.53846169,12
29,1,8,12
30,2,11.40350914,12
30,1,21.63461494,16
29,2,26.9970417,18
30,1,6.923077106,12
29,1,13.33418846,12
30,2,17.30769157,18
29,2,12.01923084,13
30,1,42.52958679,13
30,1,20,8
30,1,7.211538315,8
29,2,7.884615421,12
29,1,38.46154022,6
29,2,14.42307663,12
30,1,25.48077011,16
29,1,21.63461494,12
29,1,10.57692337,12
30,1,29.80769157,18
30,1,14.42307663,9
30,1,3,6
30,2,40.86538315,16
29,1,5.769230843,8
30,1,12.5,12
29,1,28.84615326,12
30,1,37.01922989,13
29,1,11.96581173,13
30,2,8.25,12
29,2,4.567307472,9
29,1,20.19230843,13
29,1,14.42307663,13
30,1,12.01923084,8
29,1,16.82692337,6
29,1,18.26922989,12
29,1,21.15384674,13
29,2,13.94230747,14
29,1,15.86538506,12
30,1,14.42307663,13
29,1,10.57692337,11
30,1,11.53846169,12
29,2,24.03846169,18
30,1,9.615385056,9
30,1,47.43589783,12
29,1,14.42403889,13
30,1,9.615385056,12
29,2,13.94230747,13
29,2,14.42307663,12
30,1,19.71153831,16
29,1,6.798756599,12
29,2,8.974358559,16
29,2,9.615385056,12
29,2,25.64102554,12
29,2,8.17307663,11
30,1,24.03846169,14
30,1,8.269230843,11
29,1,9.615385056,11
30,2,8.653845787,12
30,2,11.81538486,18
29,1,12.82051277,11
30,1,15.38461494,11
29,1,19.23077011,11
29,1,14.42307663,12
29,2,20.67307663,14
30,1,7.211538315,12
30,2,6.971153736,11
30,1,16.82692337,12
30,1,4.807692528,12
29,1,9.615385056,13
30,1,26.20192337,16
30,2,19.23077011,12
29,2,20.19230843,13
30,1,33.17307663,16
29,1,36.05769348,16
30,1,17.78846169,12
30,1,9.230769157,11
29,1,10,12
29,2,9.615385056,13
30,1,7.371794701,13
30,2,18.45114326,12
30,1,25,12
30,2,21.63461494,18
30,1,21.63461494,12
30,2,5.769230843,12
30,2,20.67307663,12
29,1,14.42307663,11
30,2,9.615385056,13
29,1,25,13
29,1,6.923077106,16
29,2,13.94230747,12
30,2,18.71101952,16
30,1,56.22403717,16
30,2,5.769230843,16
29,2,12.01923084,13
30,1,14.42307663,13
30,2,14.42307663,12
30,1,23.55769157,14
30,1,9.615385056,13
29,2,11.92307663,13
30,1,11.04895115,12
29,2,8.653845787,12
30,2,19.23077011,16
29,1,20.43269157,16
30,1,20.76922989,13
29,1,23.55769157,14
30,2,24.85577011,16
30,1,32.05128098,13
30,1,35.09615326,11
29,2,15.86538506,12
30,1,8.935508728,16
30,1,10.09615421,10
29,1,11.34122276,14
29,1,24.03846169,12
30,1,39.49160767,16
30,1,9.615385056,12
29,1,21.99073982,14
30,2,12.5,14
30,1,16.15384674,13
29,2,14.42307663,12
29,2,11.74038506,12
30,1,25.48077011,18
29,1,15.38461494,12
30,2,6.525490284,12
30,2,9.355509758,12
30,1,26.25,13
30,2,10.57692337,6
30,1,33.65384674,16
29,1,25.48077011,13
29,1,18.26922989,14
30,2,15.38461494,12
30,1,18.26922989,13
30,1,9.615385056,11
30,1,8.012820244,13
30,1,20.67307663,13
30,2,16.70040512,16
29,2,14.42307663,14
30,2,9,14
30,2,11.05769253,12
30,1,16,13
30,1,13.70192337,12
29,2,22.11538506,18
30,2,8.753846169,16
29,1,8.846154213,12
30,1,9.340659142,9
30,2,11.05769253,13
30,1,13.46153831,14
29,2,14.42307663,13
30,1,40.06410217,16
29,1,16.66666603,12
29,1,33.65384674,14
29,1,25,13
30,1,24.03846169,12
30,1,30.06992912,14
29,2,19.71153831,13
29,1,15.38461494,16
30,2,8.653845787,13
30,2,13.46153831,16
30,1,51.28205109,12
30,2,40.06410217,14
30,2,25.48077011,13
29,2,14.9572649,13
29,2,19.23077011,14
29,2,9.807692528,12
30,2,11.75213718,13
29,2,10.68376064,13
30,1,18.13186836,12
30,1,14.23076916,12
30,1,19.14455223,12
29,1,19.23077011,14
30,1,22.69230843,12
29,2,11.77394009,12
30,1,17.3073082,12
30,1,26.04166603,12
30,1,20.0854702,14
29,1,13.84615421,6
29,2,11.53846169,13
29,1,54.9450531,14
29,1,14.10256386,13
29,2,16.82692337,14
30,1,24.17582512,14
29,1,19.23077011,12
29,1,26.39999962,14
29,1,15.65295124,13
29,1,47.11538315,16
29,2,17.30769157,16
29,1,47.00854874,16
30,1,14.42307663,13
29,1,21.15384674,16
30,1,36.05769348,16
29,2,31.25,16
30,1,14.42307663,14
30,2,23.55769157,16
29,1,19.23077011,13
30,2,12.36263752,12
29,2,9.615385056,12
29,1,26.44230843,14
29,1,10.57692337,13
30,1,32.69326782,16
30,1,14.23076916,16
29,2,14.17004013,13
29,1,14.14027119,16
29,1,18.74278831,16
29,2,9.615385056,12
30,2,25,14
29,2,12.01923084,16
29,1,32.05128098,12
29,1,21.36752129,13
30,2,11.53846169,13
30,2,9.615385056,14
29,1,10.23076916,16
30,1,14.42403889,12
30,1,33.65384674,13
30,2,26.44230843,16
29,1,11.53846169,13
30,1,26.92307663,16
29,1,28.84615326,12
30,2,21.63461494,12
30,2,5.769230843,13
29,2,9.615385056,12
29,2,11.09467411,16
29,2,20,16
29,1,21.36752129,12
29,2,33.65384674,18
30,1,7.211538315,12
29,2,16.82692337,18
29,2,13.22115421,13
29,2,18.26922989,13
29,2,7.692307472,14
30,1,11.12451935,9
30,1,25.24038506,18
30,2,22.59615326,18
30,1,17.30769157,13
29,1,19.71153831,16
30,1,32.69230652,13
30,2,18.26922989,13
30,2,13.46153831,10
29,1,20,12
30,1,12.01923084,11
29,2,25.64102554,18
29,1,10.29411793,18
29,2,11.53846169,12
29,2,9.615385056,13
30,1,11.96581173,13
30,2,6.730769157,13
29,1,23.55865479,16
30,1,43.16239166,13
30,1,16.48351669,12
30,1,19.23077011,12
30,1,31.92307663,11
30,1,14.9572649,14
29,2,13.46153831,16
30,1,13.46153831,13
29,1,7.849293709,13
29,2,23.55769157,18
29,1,12.5,12
30,1,18.65384674,13
30,2,19.47115326,14
30,1,6.490384579,14
30,2,31.25,16
30,2,12.98076916,12
29,1,8.17307663,11
29,1,8.17307663,9
30,2,9.134614944,12
30,2,15,16
29,2,21.53846169,12
30,2,7.5,12
30,1,11.05769253,11
30,1,17.52136803,12
30,1,17.30769157,13
30,2,14.90384579,12
30,1,18.75,12
30,1,12.36263752,13
29,2,6.730769157,12
29,1,13.84615421,12
29,1,11.05769253,13
29,1,8.07692337,16
30,1,50.48077011,14
29,2,28.84615326,16
30,1,17.1404686,12
29,1,19.23077011,13
29,1,19.23077011,12
29,1,21.63461494,12
29,1,13.5,12
29,2,4.807692528,9
29,1,19.23077011,12
29,2,24.51922989,18
29,1,21.63461494,16
30,2,11.05769253,12
30,2,18.26922989,16
30,1,19.23077011,12
30,2,5.692307472,12
29,1,38.46154022,13
29,1,18.26922989,14
29,1,24.03846169,16
29,1,25,16
30,2,33.65384674,18
30,1,21.15384674,11
30,1,30.75192261,12
30,1,19.36971092,16
29,2,12.5,16
30,1,19.23077011,12
29,1,13.31360912,13
30,1,14.42307663,16
29,1,16.5,12
30,2,28.84615326,14
30,2,6.31868124,10
30,1,19.23077011,12
29,1,16.82692337,12
30,1,21.15384674,13
30,1,24.03846169,13
29,1,20.76922989,10
30,1,24.51922989,13
29,1,12.98076916,6
29,1,8.20512867,12
29,2,9.615385056,12
29,2,7.211538315,12
29,1,35,18
30,1,26.44230843,12
30,1,26.44230843,16
29,1,42.20085526,16
29,2,22.59615326,14
30,2,17.78846169,18
30,1,36.29807663,16
29,2,7.25,9
29,1,18.26922989,10
29,2,27.35042763,13
30,2,16.82692337,14
29,2,12.02019215,14
29,1,21.63461494,12
29,2,16.82692337,13
30,1,17.30769157,12
30,1,12.98076916,12
29,1,11.53846169,11
29,1,13.69047642,13
30,2,8,12
30,1,21.36752129,12
30,2,12.01923084,13
29,1,10.09615421,12
29,2,15.86538506,12
29,1,16.82692337,13
30,1,50,14
30,1,19.23077011,12
29,2,24.03846169,14
30,1,25.96153831,12
30,1,14.9572649,14
29,1,33.65384674,14
29,1,19.61538506,13
29,1,27.40384674,14
30,1,16.82692337,12
30,1,15.68413448,14
30,1,19.23077011,13
29,2,20.60439491,13
30,2,14.42307663,13
29,1,26.53846169,13
30,2,12.01923084,12
30,1,16.82692337,13
30,2,26.44230843,13
30,1,9.615385056,12
30,1,21.63461494,13
29,1,29.9145298,13
29,1,16.82692337,13
29,1,24.03846169,12
29,1,12.98076916,10
29,1,38.46154022,16
29,1,9.615385056,12
29,2,16.34615326,13
30,1,13.18681335,12
29,1,28.84615326,16
29,1,27.77777863,12
29,1,31.25,16
29,1,5.439005375,16
29,1,19.23077011,14
29,1,10.16483498,13
29,1,52.56410217,18
30,1,57.69230652,16
29,1,13.46153831,18
29,1,25.48077011,12
30,1,19.23077011,12
30,1,13.46153831,16
30,2,16.82692337,14
30,1,11.53846169,12
29,1,7.788461685,9
29,1,17.78846169,12
30,1,19.93007088,13
30,1,10.57692337,13
30,1,18.02884674,12
30,1,52.88461685,13
30,2,9,11
30,1,14.42307663,13
30,2,17.30769157,16
29,2,17.08333397,12
29,2,21.97802162,14
29,2,15.38461494,13
29,1,19.23077011,12
30,2,14.9572649,16
30,2,14.42307663,12
30,1,38.46154022,12
29,2,36.05769348,13
29,1,13.54166698,13
30,1,16.97115326,12
29,2,19.71153831,16
29,2,14.42307663,13
29,2,16.82692337,16
30,2,12.01923084,16
30,2,24.27884674,16
29,1,21.63461494,16
29,2,20.19230843,16
29,1,9.615385056,12
30,2,24.03846169,12
30,2,34.61538315,16
29,1,32.45192337,16
30,1,28.84615326,13
29,1,14.42307663,12
29,1,12.82051277,12
30,1,27.35042763,18
30,1,13.87019253,12
30,1,25.36057663,13
30,1,38.46154022,12
29,2,13.46153831,12
29,1,17.09401703,14
29,1,24.03846169,6
29,1,23.36538506,12
29,1,23.07692337,12
29,2,36.05769348,12
29,1,17.69230843,13
30,1,23.07692337,12
30,2,9.615385056,13
29,2,26.70940208,16
29,2,13.16586494,12
29,1,24.03846169,13
30,1,9.615385056,14
29,1,18.37606812,14
30,1,23.07692337,12
30,1,20.48077011,16
29,1,33.65384674,16
29,2,26.44230843,16
29,2,2.48673749,12
30,1,11.21794891,12
29,1,8.493589401,16
29,2,22.43589783,18
29,1,24.78632545,12
30,2,22.92899323,18
30,1,21.63461494,12
29,1,36.05769348,16
30,2,10.98901081,8
30,2,11.53846169,12
30,1,20.19230843,16
29,1,18.89338684,12
30,1,27.77777863,13
30,1,7.211538315,12
29,1,25.96153831,13
30,1,19,12
30,2,29.9145298,18
29,1,28.84615326,16
29,2,19.7368412,16
29,1,19.23077011,13
30,2,21.63461494,16
29,1,29.9145298,18
30,2,16.34615326,14
30,1,50,12
29,2,18.26922989,13
29,1,33.65384674,13
30,2,25.38461494,16
30,1,37.5,12
30,2,31.73077011,16
30,1,45.67307663,18
30,2,65.86538696,16
30,2,19.78022003,12
29,2,19.23077011,12
30,2,15.86538506,12
29,2,18.75,13
30,2,14.42307663,12
29,1,19.23077011,18
29,2,29.96794891,14
29,1,12.5,12
29,1,21.15384674,13
29,2,26.44230843,16
30,2,9.921875,10
29,2,7.596153736,8
29,2,5.769230843,12
29,1,8.20512867,12
30,1,13.46153831,12
29,1,9.375,12
30,2,28.84615326,16
29,2,16.34615326,13
29,1,24.03846169,12
29,1,9.8039217,12
29,1,14.58333302,12
30,1,11.53846169,12
30,2,13.55769253,13
29,2,25.76922989,13
29,2,4.807692528,16
29,1,4.807692528,16
30,1,17.38461494,12
30,1,8.391608238,12
30,1,18.54395676,13
30,2,52.1978035,14
30,2,5.917159557,8
29,2,15.38461494,12
29,1,21.63461494,13
30,1,14.42307663,14
29,2,11.05769253,16
30,2,14.42307663,12
29,1,14.94230747,12
30,2,14.66346169,16
30,2,29.80769157,16
29,2,13.18681335,12
30,1,20.43269157,14
30,1,16.34615326,16
29,2,9.134614944,13
29,1,22.5,8
30,1,22.30769157,12
30,1,11.05769253,13
30,2,13.18681335,12
30,1,15.38461494,9
29,1,15.57692337,9
29,2,14.42307663,14
30,1,28.84615326,12
30,1,12.91208744,12
29,2,18.19126892,12
30,2,13.88888931,12
30,2,9.407966614,13
29,2,14.42307663,14
29,2,11.53846169,16
29,2,32.69230652,18
30,2,15,18
29,2,26.44230843,16
29,2,19.71153831,16
30,2,27.8125,18
30,1,19.23077011,16
30,1,15.76923084,12
29,1,74.17582703,18
29,2,33.65384674,18
29,2,10.17307663,13
30,1,14.42307663,13
29,1,28.84615326,16
29,1,17.30769157,12
29,2,10,12
30,1,15.38461494,13
29,1,23.50427437,13
30,1,15.38461494,18
30,2,12.01923084,14
29,1,5.63846159,13
29,1,25.64102554,13
30,2,16.82692337,12
29,2,16.34615326,14
29,1,16.34615326,12
29,2,14.42307663,16
29,1,12.02019215,14
30,2,14.31126976,12
29,2,7.211538315,12
29,1,13.73626328,16
30,1,25.88757324,12
29,1,19.71153831,14
29,1,16.82692337,12
29,1,11.53846169,13
29,2,14.9572649,18
30,1,20.58823586,13
30,2,17.30769157,13
30,2,14.42307663,12
29,2,12.01923084,13
29,2,6.143162251,11
29,1,22.43589783,13
30,2,12.01923084,14
30,1,7.211538315,12
30,2,13.94230747,13
30,1,8.549519539,11
30,2,10.22799969,11
30,1,25,12
29,2,15.38461494,16
30,2,15.38461494,14
29,1,13.94230747,12
30,1,4.812259674,12
30,1,26.49572563,16
29,1,23.55769157,13
30,1,3.846153736,12
29,1,17.40384674,16
29,2,14,16
29,1,11.21794891,13
30,2,16.82692337,13
30,1,23.4375,13
29,2,15.02403831,13
29,1,47.00854874,16
29,1,27.88461494,18
30,1,10.68376064,12
30,2,17.78846169,14
29,1,59.64952087,16
29,2,16.82692337,12
30,2,23.55769157,16
29,1,10.78431416,12
30,1,13.94230747,14
30,1,30.76922989,14
30,2,19.23077011,16
30,1,20.67307663,13
29,1,8.17307663,12
30,1,14.42307663,12
30,1,24.51922989,13
29,2,17.11538506,14
30,1,75,16
29,2,11.05769253,14
30,2,28.36538506,16
30,2,21.15384674,16
30,2,17.30769157,12
30,2,45,16
29,2,7.692307472,14
29,1,7.692307472,13
29,1,19.23077011,16
29,1,19.23077011,12
30,2,17.7514801,12
30,1,19.23077011,18
29,2,15.86538506,13
29,1,24.03846169,12
30,1,11.83431911,16
30,1,8.653845787,12
30,2,20.00048065,13
30,1,24.03846169,14
30,1,21.63461494,12
30,1,33.41880417,16
30,2,11.53846169,16
29,2,6.581730843,13
30,2,8.653845787,8
29,2,25.48077011,18
30,1,40.38461685,13
30,1,24.03846169,18
30,1,12.01923084,12
29,1,9.615385056,10
29,1,10.57692337,12
30,2,9.212827682,16
30,2,20.67307663,13
30,1,14.42307663,14
29,2,19.23077011,13
29,2,12.01923084,12
30,1,25,12
30,2,17.78846169,12
30,1,32.05128098,13
29,1,26.44230843,16
29,1,22.5,12
29,2,15.49145317,13
30,1,12.01923084,12
29,1,10.57692337,12
29,2,24.72527504,13
30,1,14.86013985,12
29,2,2.599999905,11
30,1,7.211538315,6
29,1,24.03846169,12
29,1,16.82692337,16
29,2,11.53846169,12
30,1,14.42307663,13
30,1,5,9
30,1,23.54788017,12
30,1,7.211538315,13
29,2,8.653845787,14
30,1,6.25,12
29,1,8.653845787,12
30,2,21.63461494,16
30,1,35.09615326,16
30,2,23.55769157,18
29,1,26.92307663,16
29,1,20,12
30,2,14.42307663,18
29,1,7.5,13
29,1,19.23077011,14
30,1,38.07769394,13
30,1,17.78846169,12
29,2,23.07692337,16
29,2,15.86538506,13
30,2,33.65384674,12
29,1,17.71255112,16
29,1,5.244755268,13
30,2,8.653845787,13
29,1,16.82692337,13
29,1,3.846153736,12
30,1,4.807692528,13
29,2,10.98901081,12
29,2,21.63461494,16
30,2,8.653845787,14
30,2,27.40384674,16
29,2,28.84615326,13
30,1,60.09615326,13
29,1,13.46153831,16
30,2,19.23077011,16
30,1,25,16
30,1,51.92307663,16
30,2,8.07692337,12
30,2,28.84615326,18
29,2,21.35135078,13
30,1,15.73496532,16
29,2,19.23077011,16
29,2,17.30769157,14
30,2,32.69230652,16
29,2,25,13
29,1,12.02019215,13
30,1,15.38461494,14
30,2,18.21862411,13
29,1,4.807692528,14
30,2,8.791209221,9
29,1,23.07692337,16
30,1,10.20833302,6
30,2,26.92307663,14
30,2,8,6
29,1,10,8
29,1,28.36538506,16
29,2,19.23077011,16
29,1,12.01923084,12
30,1,28.84615326,13
29,1,13.18681335,18
30,1,45.67307663,16
30,2,22.59615326,16
29,1,9.846154213,10
30,2,8.241758347,9
30,1,11.53846169,6
30,2,18.26922989,9
29,1,10.38461494,12
29,1,7.451922894,11
29,1,24.03846169,16
29,1,19.23077011,14
29,1,14.42307663,12
30,2,17.78846169,13
30,2,24.35897446,16
30,2,16.82692337,16
29,1,5.769230843,6
30,1,16.15384674,18
29,2,18.75,18
29,1,48.07692337,13
29,2,31.73077011,18
30,1,11.53846169,12
29,1,12.82051277,13
29,1,27.77777863,12
30,2,20,13
30,1,17.8571434,12
30,2,11.96581173,12
29,1,25.96153831,12
29,2,47.00854874,16
29,2,15.86538506,16
29,1,14.42307663,14
29,1,22,13
29,2,4.326922894,9
30,1,12.01923084,10
29,1,21.85314751,10
30,1,26.15384674,13
30,2,9.960000038,14
30,1,9.615385056,13
29,1,9.890110016,9
30,1,10.41666698,6
30,1,8.653845787,13
29,1,4.807692528,12
30,1,7.692307472,14
29,1,18.22222137,13
30,1,9.615385056,12
30,2,11,12
30,2,14.23076916,12
29,2,7.211538315,9
29,1,33.65384674,16
29,2,8.653845787,12
30,1,22.59615326,12
29,1,36.05769348,14
29,1,19.23077011,14
30,2,26.17932701,14
29,2,31.25,16
30,2,21.63461494,16
29,2,14.9572649,16
29,1,11.25,12
30,1,18.18181801,16
29,2,15.38461494,13
30,1,19.23077011,14
29,2,10.57692337,13
30,1,16.05769157,11
29,2,21.63461494,16
29,1,6.966346264,13
29,2,26.92307663,16
30,2,10.49404716,13
29,1,20.83333397,16
30,1,9.791666985,12
30,2,23.07692337,13
29,1,31.49038506,16
29,1,21.63461494,13
30,1,19.23077011,13
30,1,38.46154022,16
29,2,16.34615326,13
29,1,13.46153831,16
29,1,25,18
29,2,13.73626328,16
29,2,9.615385056,12
29,2,27.40384674,12
30,1,22.59615326,12
30,1,22.25961494,18
30,1,31.25,14
30,2,21.97802162,12
29,1,12.82051277,12
29,1,15,16
29,2,25.76922989,16
29,2,21.15384674,12
29,1,9.616346359,13
30,2,27.69230843,16
30,2,24.72527504,16
30,2,12.01923084,18
30,1,14.42307663,12
29,1,14.42307663,12
30,2,25.64102554,13
29,1,16.34615326,14
29,2,43.26922989,18
29,2,19.71153831,13
30,1,60.09615326,16
30,2,14.42307663,12
30,1,32.05128098,16
30,1,25.87412643,13
30,2,19.23077011,13
29,1,20.19230843,16
30,1,14.42307663,12
29,2,9.081196785,12
29,1,21.15384674,16
30,2,28.84615326,16
30,2,20.5,13
29,1,11.97916698,11
29,1,13.46153831,16
30,1,17.78846169,12
29,2,17.5,12
30,1,45.67307663,16
30,2,10.12095165,13
30,2,19.71153831,12
30,2,35.09615326,18
30,2,10.57692337,14
30,1,19.23077011,12
30,1,39.74359131,13
29,1,14.42307663,16
30,1,21.63461494,16
30,1,36.05769348,16
29,2,11.10281086,16
30,1,45.67307663,16
30,2,13.94230747,16
29,2,31.25,16
30,2,9.615385056,16
29,2,8.17307663,16
29,2,18.75,16
29,2,22.22222137,16
30,1,17.30769157,16
30,1,16.82692337,16
29,2,15.86538506,13
29,2,25,16
29,1,4.807692528,16
29,1,17.52136803,6
30,1,4.807692528,16
29,1,26.92307663,16
30,1,35.09615326,16
30,2,31.25,16
29,2,9.340659142,12
29,2,28.84567261,18
30,1,55.55555725,18
29,1,24.03846169,16
30,2,40.86538315,18
29,1,25.48077011,16
30,1,46.15384674,16
29,1,29.23077011,12
29,2,28.84615326,18
29,1,13.54166698,14
30,1,12.98076916,12
29,2,16.34615326,13
30,1,17.09401703,13
29,1,41.66666794,18
29,1,48.07692337,16
30,1,8.75,13
29,1,25.48077011,16
29,1,11.1043272,16
30,1,17.30769157,13
29,2,12.17948723,12
29,1,12,12
30,2,20.67307663,13
29,1,44.23077011,13
29,2,16.15384674,13
30,2,39.33566284,16
30,2,19.23077011,18
30,1,12.82051277,12
30,2,10.38461494,12
30,2,23.55769157,16
29,1,23.55769157,16
29,2,12.01923084,12
30,1,17.30769157,12
30,1,24.51922989,12
30,1,8.333333015,13
29,1,18.98077011,12
30,1,37.98077011,16
30,2,14.90384579,12
29,2,15,14
30,2,14.42307663,13
30,1,11.15384579,16
29,2,5.384615421,14
30,1,9.615385056,14
29,2,23.07692337,18
30,2,15.24807739,14
30,1,14.42307663,18
30,2,21.63461494,18
30,1,8.17307663,12
29,1,15.38461494,12
30,1,16.92307663,12
30,2,14.42307663,14
30,2,22.43589783,16
30,2,22.77327919,12
30,1,9.134614944,6
30,1,43.95604324,12
29,1,19.23077011,14
30,1,42.8571434,13
30,1,16.64201164,13
30,2,19.71153831,18
30,2,11.05769253,12
30,1,12.5,11
30,1,48.07692337,12
30,2,24.72527504,14
30,2,25.64102554,16
29,2,15.38461494,13
29,1,15.38461494,12
29,2,22.5,16
29,1,33.65384674,14
29,1,17.1875,12
30,2,15.38461494,13
30,2,24.03846169,12
29,2,13.94230747,14
29,1,11.53846169,12
29,1,25,14
29,2,14.42307663,14
29,1,7.211538315,14
29,1,38.46154022,16
30,1,30.76922989,16
29,1,10.48951054,13
29,1,9.615385056,12
30,1,9.615385056,12
29,1,17.30769157,13
30,1,33.65384674,12
30,1,38.46154022,13
30,2,20.67307663,14
30,1,14.42307663,16
30,1,11.53846169,13
29,1,12.01923084,14
29,1,67.30769348,16
29,2,33.65384674,13
29,2,30.28846169,18
29,1,13.46153831,12
30,2,14.42307663,18
30,2,16.82692337,16
30,1,19.23173141,14
29,1,15.38461494,14
30,1,29.12087822,16
30,2,36.05769348,16
30,1,19.78022003,16
29,1,25.48077011,12
30,2,18.26922989,13
29,2,16.34615326,16
29,1,67.28173065,16
29,1,43.26922989,14
29,1,42.78845978,13
29,2,9.615385056,14
29,2,7.211538315,12
29,2,12.01923084,16
29,2,10.09615421,12
30,1,18.45238113,11
30,1,3.413461447,12
30,1,16.82692337,11
30,2,28.84615326,16
30,2,12.98076916,12
30,2,15.38461494,12
29,2,17.30769157,12
30,1,13.26923084,12
