amount,value,income,denied,white,badcredit,ed,single,selfemp
88,110,53,0,1,0,15,0,0
118,128,51,0,1,0,18,1,0
185,201,99,0,1,0,12,0,0
185,215,110,0,1,0,12,0,0
330,550,129,0,1,0,20,0,0
97,190,65,0,1,0,16,0,0
56,75,30,0,1,0,14,1,0
187,220,107,0,1,0,16,0,0
131,146,69,1,1,0,12,0,0
80,223,72,0,1,0,16,1,0
30,134,30,0,1,0,14,1,0
155,225,62,0,1,0,16,1,0
100,186,53,1,1,0,18,0,0
289,445,116,0,1,0,18,0,0
58,160,54,0,1,0,14,0,0
130,156,55,0,1,0,17,0,0
180,280,100,0,1,0,16,0,0
70,160,35,0,1,0,14,0,0
143,180,60,0,1,0,16,0,0
124,155,48,0,1,0,18,1,0
147,164,59,1,1,1,20,0,0
123,140,51,0,1,0,13,0,0
105,136,48,0,1,0,16,1,0
264,293,107,0,1,0,16,0,0
142,217,58,0,1,0,14,1,0
85,135,100,0,1,0,20,1,0
102,114,41,0,1,0,16,1,0
100,206,56,0,1,0,17,1,0
150,158,67,0,1,0,12,0,0
180,202,99,0,0,0,17,1,0
120,139,55,0,1,0,12,1,0
175,245,105,0,1,0,16,0,0
154,205,93,0,1,0,16,1,0
212,235,105,0,1,0,12,1,0
144,170,56,0,1,0,16,0,0
90,190,42,0,1,0,16,0,0
183,266,23,0,1,0,16,0,0
123,137,104,0,0,0,12,0,0
207,235,93,0,1,0,18,0,0
149,162,53,0,1,0,14,1,0
103,110,43,0,1,0,12,0,0
54,84,44,0,1,0,12,0,0
170,115,59,1,1,0,18,0,0
216,300,89,1,1,0,16,0,0
80,118,32,0,1,1,16,1,0
135,150,75,0,1,0,16,0,0
136,170,64,1,1,1,16,0,0
111,130,56,0,0,0,14,1,0
138,186,57,1,1,0,12,0,1
100,148,43,0,1,0,12,1,0
112,174,42,0,1,0,19,1,0
160,170,91,0,1,0,19,0,0
115,157,174,0,1,0,16,1,0
148,162,64,0,1,0,12,1,0
29,140,61,0,1,0,17,0,0
114,122,48,0,1,1,16,0,0
131,145,48,0,1,1,14,0,0
111,123,44,0,1,0,16,1,0
100,157,38,0,1,0,14,1,1
70,91,33,0,1,0,14,1,0
150,200,58,0,1,0,20,0,0
156,195,72,0,1,0,13,1,0
120,135,59,0,1,0,12,0,0
100,133,59,0,1,0,14,0,0
135,151,65,0,1,0,18,0,0
130,200,66,0,0,0,12,0,1
142,151,69,0,1,0,17,0,0
100,235,36,0,1,0,16,0,0
76,112,34,0,1,0,18,1,0
115,130,55,0,1,0,20,1,0
139,148,63,0,1,0,18,0,0
74,82,38,0,1,0,12,0,0
110,149,48,0,1,0,12,1,0
170,189,98,0,1,0,16,0,0
80,118,57,0,1,0,16,0,0
146,182,200,0,1,0,18,0,1
99,179,76,0,1,0,12,0,0
187,287,85,0,1,0,20,0,0
76,91,38,1,1,1,12,0,0
80,102,47,0,1,0,16,1,0
140,210,58,0,1,0,16,0,0
141,176,82,0,1,0,17,1,1
135,153,56,1,0,0,12,0,0
121,134,52,1,1,0,15,1,0
105,159,45,0,1,0,14,0,0
115,154,57,0,1,0,12,0,1
152,198,92,1,0,0,12,0,0
68,80,26,0,1,0,14,1,0
128,135,71,0,1,0,12,0,0
50,115,25,0,1,0,12,1,0
127,143,49,1,0,0,14,0,0
72,92,45,0,1,0,16,1,0
92,115,47,0,1,0,12,0,0
160,219,79,0,1,0,20,1,0
183,231,90,0,1,0,15,0,1
47,81,24,0,1,0,16,1,0
105,165,43,0,1,0,12,0,0
149,170,60,0,1,0,16,0,0
106,133,61,0,1,0,16,0,0
83,90,43,0,1,0,12,0,0
148,197,60,0,1,0,13,0,0
100,150,35,0,1,0,15,1,0
115,135,57,0,1,0,14,1,0
84,113,34,0,1,0,19,1,1
148,185,164,0,1,0,12,0,0
119,128,40,1,1,0,16.5,1,0
131,142,64,0,1,0,17,0,0
112,140,60,0,1,0,14,1,1
109,155,63,0,1,0,12,0,0
75,135,20,1,1,0,12,0,0
96,153.5,53,0,1,0,16,0,0
90,131,34,0,1,0,16,1,0
126,160,55,0,1,0,16,0,0
130,195,75,0,1,0,23,0,0
76,150,35,0,1,0,17,1,0
160,203,95,0,1,0,12,0,1
65,215,29,0,1,0,16,0,0
133,149,55,1,0,0,13,1,1
133,180,86,0,1,0,16,0,0
153,171,65,0,1,0,15,1,0
130,176,60,0,1,0,13,0,0
140,200,63,0,1,0,16,1,0
84,114,44,0,1,0,12,1,0
256,320,90,0,1,0,19,0,0
154,162,65,0,1,0,16,0,0
257,370,101,1,1,0,18,0,0
225,330,90,0,1,0,17,0,0
300,525,150,1,1,1,16,1,0
262,333,148,0,1,0,17,0,0
211,235,104,0,1,0,16,0,0
345,388,275,0,1,0,20,0,0
484,675,180,0,1,0,22,0,1
313,392,252,0,1,0,20,0,1
232,290,125,0,1,0,25,0,0
84,105,85,0,1,0,17,1,1
78,97,39,0,0,0,12,1,0
143,246,72,0,1,0,20,0,0
147,188,64,0,1,0,16,1,0
639,994,135,0,1,0,21,1,0
120,150,61,0,1,0,16,1,0
176,235,71,0,1,0,20,1,0
67,86,55,0,1,0,16,1,0
405,450,168,0,1,0,21,1,0
142,178,61,0,1,0,24,1,0
255,285,120,0,1,0,21,0,0
131,164,64,0,1,0,16,0,0
95,107,31,0,0,0,16,1,0
125,215,63,0,1,0,20,0,0
90,135,45,0,1,0,19,1,0
88,102,40,0,0,0,16,0,0
119,162.5,46,0,1,0,17,0,0
170,540,174,0,1,0,18,0,0
79,208,39,0,1,0,15,0,0
126,145,45,0,0,0,12,1,0
82,83,35,1,0,0,14,1,0
108,120,47,0,0,0,17,0,0
187,400,92,0,1,0,16,0,0
120,133,38,1,0,1,12,1,0
140,297,113,0,1,0,21,0,0
70,225,46,0,1,0,16,0,0
177,222,70,0,1,0,16,0,0
117,180,54,0,1,0,14,0,0
91,140,56,0,0,0,14,0,0
185,333,146,0,1,0,19,1,0
137,152,59,0,0,0,16,0,0
187,391,89,0,0,0,16,1,0
158,175,68,0,1,0,18,1,0
73,112,29,0,1,0,18,1,0
70,118,33,0,0,0,14,0,1
160,507,49,0,1,0,25,0,0
124,138,39,0,0,0,12,1,0
100,105,41,0,0,0,12,0,0
180,202,100,0,1,0,19,0,0
153,170,19,0,1,0,13,1,0
120,133,49,1,0,0,14,1,0
138,177,95,1,1,0,15,1,1
185,460,275,0,1,0,18,0,0
156,220,82,0,1,0,18,0,0
216,269.5,125,0,1,0,20,0,0
70,84,32,0,1,0,16,1,0
122,135,45,0,0,0,16,1,0
265,360,147,0,1,0,21,1,0
95,128,76,0,1,0,19,1,0
137,177,70,0,1,0,16,0,0
96,120,60,0,1,0,16,1,0
91,103,49,0,0,0,14,0,0
144,159,56,0,0,0,12,0,0
132,147,50,0,1,0,16,0,0
360,640,384,1,1,0,20,0,1
76,143,33,1,0,1,14,0,0
99,112,47,0,0,0,12,1,0
70,207,106,1,1,0,14,0,0
120,263,36,1,1,0,20,1,1
71,123,20,0,0,0,14,1,0
76,125,22,0,0,0,12,1,0
96,107,45,0,1,0,11,0,0
98,115,41,0,1,0,12,0,0
50,195,50,0,1,0,16,1,0
131,180,144,0,1,0,20,1,0
70,122,34,0,0,0,14,1,0
76,125,30,0,0,0,16,1,0
76,125,30,0,0,0,14,1,1
115,142,38,0,0,0,16,0,0
76,125,34,0,0,0,12,1,0
100,125,41,0,0,0,12,1,0
152,184,64,0,1,0,12,0,0
113,126,44,0,1,0,12,0,0
129,145,33,0,0,0,12,1,0
83,93,36,0,0,0,12,1,0
66,88.5,27,0,1,0,12,1,0
98,105,32,0,0,0,12,1,0
90,104.5,33,0,1,0,11,0,0
84,88,36,1,0,0,14,1,0
126,159,58,0,1,0,16,0,0
300,436,180,0,1,0,16,0,0
162,215,41,0,1,0,16,0,1
150,188,71,0,1,0,18,1,0
153,170,72,0,1,0,18,1,1
292,517,112,0,1,0,17,1,1
138,187,86,0,1,0,12,0,1
150,313,62,0,1,0,13,1,0
165,310,43,0,1,0,9,0,0
104,255,72,0,1,0,20,1,1
125,167,62,0,1,0,14,0,0
98,131,42,0,1,0,16,1,0
350,505,60,0,1,0,17,0,0
229,120,198,0,1,0,18,1,0
160,310,119,0,1,0,16,0,1
188,399,125,0,1,0,18,0,0
300,405,132,0,1,0,17,0,0
145,188,48,0,1,0,13,0,0
170,231,71,0,1,0,15,0,0
110,195,52,0,1,0,16,0,0
275,400,96,1,1,0,16,0,0
206,280,120,0,1,0,16,0,0
300,424,198,0,1,0,17,0,0
286,360,138,1,1,0,18,1,1
280,350,100,0,0,1,25,1,0
83,129,38,0,1,0,18,1,0
129,147,44,0,1,0,12,0,0
80,135,35,0,1,0,12,1,0
90,125,35,0,1,0,16,1,0
68,85,35,0,1,0,17,1,0
88,95,38,0,1,0,16,1,0
155,220,68,0,1,0,12,0,0
182,315,85,0,1,0,17,0,0
187,265,122,0,1,0,16,1,0
60,216,32,0,1,0,20,1,0
176,186,86,0,1,0,16,0,0
139,170,67,0,1,0,12,0,0
50,160,33,0,1,0,16,1,0
75,220,90,0,1,0,18,1,1
151,168,91,0,1,1,16,1,0
130,170,54,0,1,0,14,0,0
135,255,56,0,1,0,23,1,0
138,170,46,0,1,0,16,0,0
168,224,72,0,1,0,16,0,1
35,315,169,0,1,0,19,0,0
160,300,75,0,1,0,18,0,0
299,320,131,0,1,0,19,0,0
152,165,59,0,1,0,16,1,0
187,280,99,0,1,0,12,0,1
176,192,76,0,1,0,18,0,0
151,160,66,0,1,0,17,0,0
150,230,63,0,1,0,16,0,0
65,137,38,0,1,0,16,1,0
103,125,38,0,0,0,12,0,0
65,134,255,0,1,0,12,1,0
120,130,69,0,1,0,12,1,0
125,225,68,0,1,0,16,0,0
187,325,91,0,1,0,14,0,0
141,154,47,1,1,0,17,1,0
169,190,83,0,1,0,15,0,0
101,126,47,0,1,0,16,0,0
143,155,48,1,1,0,16,1,0
130,155,55,0,1,0,20,0,0
100,285,47,0,1,0,13,0,0
140,191,300,0,1,0,16,0,1
68,135,35,0,1,0,16,1,0
109,150,81,0,1,0,14,0,0
63,43,86,0,1,0,13,0,1
116,138,44,0,1,0,12,0,0
400,474,159,0,1,0,12,0,0
115,145,49,0,1,0,12,0,0
215,274,73,0,1,1,18,1,0
110,175,164,0,1,1,18,0,0
160,178,72,0,1,0,16,0,0
276,365,90,0,1,0,20,1,0
119,162,57,0,1,0,17,1,0
135,196,55,0,1,0,12,0,0
175,349,108,0,1,0,16,0,1
128,175,86,0,1,0,16,1,1
100,286,116,0,1,0,16,0,0
125,300,88,0,1,0,16,0,1
155,135,63,0,1,0,20,0,0
130,162,57,0,1,0,14,0,1
307,385,118,0,1,0,16,0,0
133,169,106,0,1,0,13,0,0
115,181,61,0,1,0,17,0,0
124,131,54,0,1,0,15,1,0
107,147,47,0,1,0,16,1,0
110,140,51,0,1,0,13,1,0
147,190,54,0,1,0,14,0,0
110,175,90,0,1,0,18,0,0
44,90,68,0,1,0,14,0,0
155,300,71,0,1,0,21,0,0
133,170,75,0,1,0,17,0,0
97,135,43,0,1,0,16,0,0
120,137,59,0,1,0,12,1,0
34,42,79,0,1,0,18,0,0
130,258,65,0,1,0,16,0,0
125,175,57,0,1,0,12,1,0
100,213,42,0,1,0,16,0,0
94,120,63,1,1,0,18,0,0
110,220,52,1,1,0,14,0,0
110,220,29,1,1,0,14,0,0
97,135,47,0,1,0,16,0,0
122,138,89,0,1,0,16,0,1
280,325,111,0,0,0,18,0,0
195,260,32,0,1,0,19,1,0
207,332,65,0,1,0,16,0,0
239,260,96,0,1,0,16,1,0
320,403,114,1,1,0,19,0,1
320,401,80,1,1,1,17,0,1
102,155,252,0,1,0,12,0,0
129,144,48,0,1,0,16,1,0
84,120,48,0,1,0,16,1,0
144,158,72,0,1,0,20,0,0
121,137,48,0,1,0,12,0,0
85,95,48,0,1,0,14,0,0
40,197,48,0,1,0,12,0,0
113,134,48,0,1,0,13,0,0
279,380,36,0,1,0,19,0,0
105,151,43,0,1,0,13.5,0,0
85,101,38,0,1,0,16,1,0
180,380,114,0,1,0,12,0,1
70,136,24,0,1,1,12,0,0
158,183,80,0,1,1,19,0,0
130,206,68,0,1,0,12,0,1
181,278,47,0,1,0,12,0,1
47,73,80,0,0,0,21,1,0
187,330,103,0,1,0,18,0,0
113,173,47,0,1,0,15,0,0
56,175,67,0,1,0,20,0,0
70,242,35,0,1,0,14,0,0
175,278,55,0,1,0,18,0,0
47,60,48,1,1,0,13,1,0
48,325,87,0,1,0,20,0,0
80,128,39,0,1,0,17,1,0
152,190,63,0,1,0,12,0,0
135,245,62,0,1,0,14,0,0
102,128,46,0,1,0,12,0,0
155,225,104,0,1,0,17,1,0
125,380,85,0,1,0,7,0,1
50,163,42,0,1,0,12,0,0
80,105,40,0,1,0,16,0,0
68,150,69,0,1,0,14,0,0
100,140,123,0,1,0,20,0,0
110,137,43,1,1,0,13,1,0
165,275,105,0,1,0,18,0,0
175,250,118,0,1,0,18,0,0
140,211,72,0,1,0,16,1,0
105,310,57,0,1,0,16,0,0
175,148,77,1,1,0,19,1,1
69,110,22,1,1,0,12,1,0
128,175,74,1,1,0,16,0,0
99,119,68,0,1,0,14,1,0
153,173,76,1,1,0,16,0,0
71,129,29,0,1,0,14,0,0
112,140,63,0,1,0,13,1,0
100,125,47,1,1,0,16,1,0
113,125,47,0,1,0,18,1,0
157,174,67,0,0,1,20,1,0
104,115,39,0,0,1,16,1,0
108,121,43,0,0,1,12,0,0
80,112,30,0,0,0,16,1,0
119,125,66,0,0,1,16,1,0
125,150,66,0,0,0,14,0,0
120,150,58,0,1,0,18,1,0
122,134,85,0,0,1,15,0,1
161,179,53,0,0,1,13,0,0
112,127,34,0,1,0,12,0,0
104,131,52,0,1,0,16,1,0
144,226,125,0,1,0,18,0,1
103,128,60,1,1,1,14,1,0
60,279,25,0,1,0,15,1,0
70,112,288,0,1,0,17,1,0
2,100,35,0,1,0,16,1,0
100,128,471,0,1,0,14,0,0
100,128,53,0,1,0,16,1,0
338,515,136,0,1,0,16,0,0
110,141,51,0,1,0,12,0,0
26,130,66,0,1,0,16,0,0
122,144,39,0,1,0,12,0,0
110,201,54,0,1,0,16,0,0
187,292,115,0,1,0,15,0,0
112,127,42,0,0,0,12,1,0
110,140,52,1,1,0,13,0,0
65,88,33,0,1,0,13,1,0
113,172,60,0,1,0,14,0,0
85,140,61,0,1,0,12,0,0
111,281,90,0,1,0,15,0,0
104,145,127,0,1,0,12,1,1
134,181,51,0,1,0,16,1,0
125,197,67,0,1,0,12,1,0
95,155,57,1,0,1,12,0,0
120,129,178,0,1,0,13,0,0
92,149,70,0,1,0,10,0,0
92,131,39,0,1,0,16,0,0
124,135,48,0,1,0,12,0,0
115,165,52,0,1,0,16,1,0
80,80,40,1,1,0,12,1,0
130,178,81,0,1,0,12,1,0
50,115,213,0,1,0,17,0,1
260,398,131,1,1,0,16,0,1
153,239,61,0,1,0,18,0,0
55,137,271,0,1,0,17,0,1
110,137,72,0,1,0,16,1,0
96,122,205,0,1,0,16,0,0
230,345,80,0,1,0,16,0,0
92,122,32,0,0,0,12,1,0
113,125,32,0,1,0,18,0,0
115,137,42,0,1,0,16,1,0
70,430,69,0,1,0,20,0,0
130,320,66,0,1,0,16,0,1
125,225,51,0,1,0,16,1,0
112,125,48,0,1,0,18,0,0
40,390,260,0,1,0,17,1,0
140,285,83,0,1,0,25,0,0
310,456,119,0,1,0,16,0,0
125,226,71,0,1,0,20,0,0
83,124,60,0,1,0,16,1,0
400,535,194,0,1,0,14,0,1
125,216,79,0,1,0,15,0,0
126,241,48,0,1,0,12,0,0
175,361,83,0,1,0,18,1,1
138,146,57,0,1,1,16,0,0
129,233,90,0,1,0,16,0,0
100,115,50,1,1,0,16,1,0
176,185,48,1,0,0,16.5,1,0
297,372,151,0,1,0,17,0,0
125,260,218,0,1,0,12,1,1
92,98,30,0,1,0,12,0,0
50,245,29,0,1,0,12,0,0
108,125,36,0,1,0,16,0,0
170,213,75,0,0,0,20,0,0
296,370,130,0,1,0,14,1,1
140,197,14,0,1,0,21,1,0
61,76,37,0,1,0,15,1,0
145,185,43,0,1,0,16,1,0
272,366,95,0,0,0,21,0,1
150,190,65,0,1,0,22,0,1
125,139,50,1,0,0,13.5,0,0
57,76,44,0,1,0,7,0,0
99,104,26,1,0,0,16,1,0
214,285,86,0,1,0,16,0,0
124,144,33,1,0,0,14,1,0
220,620,163,0,0,0,19,0,0
60,172,67,0,1,0,16,1,0
275,320,135,0,1,0,20,0,0
296,373,120,0,1,0,18,1,0
61,78,144,0,1,0,17,0,0
51,75,25,0,0,0,16,1,0
60,215,29,0,1,0,16,1,0
59,99,32,0,1,0,16.5,1,0
150,230,72,0,1,0,19,1,0
360,450,870,0,0,0,16,0,0
92,115,34,0,1,0,16,1,0
123,163,180,1,1,0,20,1,0
480,607,240,0,1,0,14,1,0
140,210,96,0,1,0,16,1,0
210,262,54,0,1,0,18,0,0
84,96,36,0,1,0,16,1,0
116,146,29,0,1,0,12,0,0
51,68,39,0,1,0,16,1,0
103,155,277,0,1,0,16,1,0
49,85,42,0,1,0,19,0,0
55,62,31,0,1,0,16,1,0
138,174,74,0,1,0,18,1,0
196,245,125,1,1,1,19,1,0
186,265,264,0,1,0,17,0,1
105,105,78,1,1,1,22,1,0
160,225,99,0,1,0,12,0,1
108,139,40,0,1,0,16,1,0
126,272,38,0,1,0,16,0,0
124,157,59,0,1,0,16,1,0
46,75,29,0,1,0,16,1,0
80,223,56,0,1,0,17,0,0
183,236,91,0,1,1,16,0,0
148,164,80,0,0,0,12,1,0
155,170,30,0,1,0,16,1,0
80,72,28,1,0,0,12,1,0
400,730,34,0,1,0,12,1,1
139,148,70,0,1,0,16,0,0
145,199,85,0,1,0,21,1,0
300,383,260,0,1,0,17,1,1
169,138,83,0,0,0,16,0,0
142,178,82,0,1,0,18,1,0
142,154,53,0,1,0,16,1,0
92,135,41,0,1,0,15,1,0
150,168,108,0,1,0,18,0,0
104,130,32,1,1,1,14,0,0
245,275,88,0,1,0,16,0,0
107,138,48,0,1,0,20,1,0
116,145,31,0,1,0,16,1,1
308,385,158,0,1,0,20,1,0
239,260,72,0,1,0,21,0,1
118,179,48,0,1,0,12,1,0
290,370,135,0,1,0,17,0,0
230,288,234,0,0,1,18,0,1
250,590,130,0,1,1,18,0,0
139,152,68,0,1,0,20,1,0
164,183,75,0,1,0,21,0,0
80,117,36,0,1,0,16,1,0
132,165,48,0,1,0,16,1,0
125,135,54,1,0,1,16,0,0
148,165,67,0,1,0,22,0,0
171,195,97,0,1,0,17,0,0
152,190,79,1,0,0,18,1,0
166,184,80,0,1,0,24,0,0
132,300,50,0,1,0,19,0,0
90,115,32,1,0,0,12,0,0
168,186.5,110,1,0,1,14,0,1
94,107.5,53,0,1,0,16,1,0
130,185.5,85,0,1,0,18,0,0
90,240,45,0,1,0,18,0,0
164,200,74,0,1,0,17,0,0
41,117,31,0,1,0,12,1,0
100,252,91,0,1,0,18,0,0
187,292.7,157,0,1,0,22,0,0
180,448,108,0,1,0,18,0,0
118,148,60,0,1,0,16,0,1
137,183.75,75,0,1,0,18,1,0
115,135,56,0,1,0,16,0,0
125,195,51,0,1,0,12,1,0
150,240,40,0,1,0,12,0,0
100,116.4,40,0,1,0,14,1,0
110,148,60,0,1,0,14,0,0
55,110,97,0,1,0,12,0,0
110,225.8,55,0,1,0,16,0,0
119,175,73,0,1,0,14,0,0
95,175,42,1,1,0,14,1,0
143,190,61,0,1,0,15,0,0
121,134,53,0,1,0,15,0,0
120,130,75,1,1,0,12,1,0
124,156,73,0,1,0,12,0,0
47,78,39,1,1,0,12,1,1
91,116,37,0,1,0,10,1,0
125,217,50,0,1,0,16,0,0
70,97,44,0,1,0,12,0,0
115,128,54,0,1,0,12,0,0
62,143,23,0,1,0,12,1,0
122,144,58,0,1,0,12,0,0
172,192,81,0,0,0,17,0,0
95,126,42,1,1,0,14,0,0
114,120,56,1,1,0,16,1,0
91,116,63,0,1,0,14,0,0
100,395,60,0,1,0,19,1,1
116,155,45,0,1,0,18,0,0
114,136,70,0,0,0,18,0,0
103,135,39,0,1,0,17,1,0
135,165,55,0,1,0,14,0,0
68,88,32,0,1,0,11,0,1
125,242,39,0,0,1,16,1,0
160,185,63,0,0,0,12,1,1
147,164,69,0,1,0,16,0,0
144,179,72,0,0,0,16,0,0
116,147,65,0,0,0,16,0,0
168,179,56,0,0,0,12,1,0
130,234,51,0,1,0,14,0,0
160,183,52,0,0,0,15,0,0
50,75,43,1,1,0,16,1,1
107,119,44,0,1,0,15,1,0
108,123,36,0,1,0,16,0,0
180,240,77,1,0,0,12,0,0
80,128,45,0,1,0,15,0,0
137,209,122,0,1,0,18,0,0
100,169,28,1,1,0,12,0,0
45,139,48,0,0,0,12,0,0
750,1280,477,0,1,0,16,0,1
140,215,75,0,1,0,16,0,0
230,325,101,0,1,0,18,0,0
150,220,144,0,1,0,16,1,0
152,237,100,1,1,0,16,0,0
65,162,72,0,0,0,12,0,0
66,96,26,1,0,1,17,1,1
130,145,55,0,1,0,15,1,0
70,146,97,0,1,0,14,1,0
35,189,50,0,1,0,16,1,0
114,142,89,0,0,0,14,0,0
140,190,65,0,1,0,12,0,0
132,165,73,0,1,0,12,0,0
131,165,66,0,1,0,14,0,0
110,200,63,0,1,0,12,0,0
120,150,73,0,0,0,12,0,0
27,175,71,0,1,0,14,0,0
70,145,60,0,1,0,12,0,0
100,165,44,0,1,0,12,1,0
100,125,120,0,0,0,12,0,0
113,142,44,0,1,0,14,1,0
115,132,54,0,1,0,12,0,0
25,185,41,0,1,0,13,0,1
49,140,45,0,1,0,12,0,0
25,25,48,0,1,0,12,0,0
120,150,75,0,0,0,12,0,0
125,160,45,0,1,0,12,0,0
80,115,35,0,1,0,12,0,0
70,180,47,0,1,0,16,0,0
175,740,187,0,1,0,18,0,0
700,1350,621,0,1,0,18,0,0
700,930,113,1,1,0,15,0,0
600,975,372,0,1,0,23,0,1
490,1225,796,0,1,0,18,0,0
108,145,62,0,1,0,14,0,0
86,115,51,0,1,0,12,0,0
168,225,22,0,1,0,12,0,1
120,190,60,0,1,0,14,0,0
135,235,39,0,1,0,16,1,0
154,220,52,0,1,0,12,1,0
75,153,43,0,1,0,12,0,0
240,409,95,0,1,0,14,0,0
210,280,95,0,1,0,16,0,0
187,234,177,0,1,0,20,0,1
95,106,54,0,0,0,16,0,0
120,162,46,0,1,0,17,1,0
110,160,41,0,1,0,14,0,0
185,250,58,0,1,0,15,0,0
100,111,36,0,1,0,16,0,0
128,165,68,0,1,1,16,0,0
123,165,51,0,1,0,12,0,0
119,164,69,1,1,1,14,0,0
182,205,71,1,0,1,12,0,0
221,260,103,0,1,0,14,0,0
77,98,29,0,1,0,12,1,0
132,155,60,0,1,1,16,0,0
73,91,30,0,1,0,12,1,0
120,155,52,0,1,0,14,1,0
88,126,40,0,1,0,14,0,1
80,130,29,0,1,0,12,0,0
68,86,34,0,1,0,12,0,0
104,130,42,0,1,0,12,0,0
264,335,92,0,1,0,16,0,0
70,155,47,0,1,0,16,0,0
131,155,68,0,1,0,17,1,0
130,190,63,0,1,0,16,0,0
111,130,38,0,1,0,12,0,0
285,375,115,0,1,0,18,0,0
135,195,94,0,1,0,12,1,0
50,240,36,0,1,0,14,0,0
150,160,83,0,1,0,13,0,0
93,130,44,0,1,0,18,1,0
124,165,47,0,1,0,12,0,0
182,228,99,0,1,0,15,0,0
426,535,160,0,1,0,16,0,0
140,160,77,0,1,0,16,0,0
90,145,39,0,1,0,12,1,0
152,193,77,0,1,0,16,0,0
108,160,51,0,1,0,16,0,0
210,339,103,0,1,0,16,1,0
107,150,43,0,1,0,12,0,0
600,1000,234,0,1,0,16,0,1
50,66,39,0,1,0,15,1,0
143,150,53,1,1,0,14,1,1
124,135,62,0,1,0,14,0,0
85,122,37,0,1,0,12,1,0
137,144,56,0,1,0,12,0,0
140,147,56,0,1,0,12,0,0
123,131,48,0,1,0,16,0,0
148,185,5,0,1,0,13,0,0
109,115,40,1,1,0,14,1,0
113,125,60,1,0,0,23,0,0
120,140,59,0,0,0,23,0,0
170,269,84,0,1,0,16,0,0
128,376,99,0,1,0,18,0,1
187,325,109,0,1,1,16,0,0
100,193,45,0,1,0,16,1,0
120,160,34,0,1,0,15,0,1
124,155,67,0,0,0,12,0,0
70,171,56,0,1,0,16,0,0
150,275,49,0,1,0,12,0,0
142,180,76,0,1,0,16,0,0
70,90,110,0,1,0,16,0,1
120,140,204,0,1,0,16,0,1
120,150,48,0,1,0,16,0,1
170,302,48,0,1,0,27,0,0
77,97,72,0,1,0,16,0,0
216,358,48,0,1,0,16,0,1
260,325,192,0,1,0,21,0,1
105,205,348,0,1,0,18,1,0
185,313,79,1,1,0,17,1,0
185,313,81,1,1,0,17,1,0
183,230,89,0,1,0,18,0,0
160,275,107,0,1,0,18,0,0
66,70,41,1,1,0,12,0,0
125,166,88,0,1,0,16,0,1
56,73,37,0,1,0,12,1,1
138,183,70,0,1,0,14,0,0
187,268,84,0,1,0,16,0,0
166,218,112,0,1,0,19,1,1
158,176,96,0,1,0,15.5,0,0
115,149,55,0,1,0,13,0,0
225,328,140,0,1,0,20,1,0
125,225,64,0,1,0,18,1,0
800,1136,430,0,1,0,18,0,1
175,195,103,0,1,0,14,0,0
105,137,71,0,1,0,12,0,0
100,154,43,0,1,0,13.5,0,0
30,168,28,0,1,0,12,0,0
253,317,90,0,1,0,16,0,0
125,145,55,0,1,0,19,0,0
76,80,42,1,0,0,16,1,0
150,239,75,0,1,0,12,0,0
80,140,53,0,1,0,18,1,0
135,176,46,0,1,0,17,0,0
120,127,80,0,1,0,16,0,0
297,371,135,0,1,0,18,1,0
225,257,151,0,1,0,20,0,0
234,296,226,0,1,0,16,0,0
58,135,30,0,1,0,13,1,0
87,116,39,0,1,0,12,0,0
100,243,51,0,1,0,17,0,0
142,243,103,0,1,0,20,1,0
300,375,285,0,1,0,18,0,0
128,160,60,0,1,0,17,0,0
100,174,56,0,1,0,12,0,0
181,227,96,0,1,0,16,1,0
80,102,147,0,0,0,26,0,1
120,150,36,0,1,0,17,1,0
255,397,69,1,1,0,16,0,1
124,155,123,0,1,0,16,0,0
132,174,63,0,1,0,16,0,0
90,145,61,0,1,0,18,0,1
148,185,72,0,1,0,16,0,0
55,174,30,0,1,0,12,0,0
100,160,45,0,1,0,15,1,0
105,134,52,0,1,0,17,0,0
87,144,54,0,1,0,16,1,0
96,122,57,0,1,0,13,0,0
80,156,25,0,1,0,18,0,0
204,256,126,0,1,0,18,0,0
130,206,54,0,1,0,12,0,0
174,200,184,0,1,1,12,1,1
40,80,60,0,1,0,12,0,0
80,226,98,0,1,0,12,1,1
100,300,34,0,1,0,14,1,0
150,260,80,0,1,0,18,0,1
50,108,36,0,1,1,12,0,0
78,109.5,29,0,0,0,27,0,0
67,101,29,0,0,0,18,1,0
66,108,27,0,0,0,13,1,0
74,107.5,26,0,0,0,12,0,0
126,142,61,0,0,0,13,1,0
103,130,39,0,1,0,16,1,0
100,125,39,0,1,0,17,0,0
79,168,32,0,1,0,16,1,0
65,115,28,0,1,0,12,1,0
207,220,43,0,0,0,12,0,1
103,103,52,0,0,0,16,1,0
64,104,26,0,0,0,12,1,0
63,104,21,0,1,0,14,1,0
92,104,32,0,0,0,12,0,0
92,105,32,0,0,0,14,1,0
93,127,37,0,1,0,20,1,0
90,125,46,0,0,0,18,0,0
88,110,82,0,0,0,16,0,1
76,95,34,0,1,0,18,1,1
89,170,26,0,0,0,14,1,0
85,105,23,0,0,0,13,1,0
68,88,23,0,0,0,15,1,0
79,109.5,32,0,0,0,10,1,0
95,105,28,0,0,0,12,0,0
145,143,65,0,0,0,12,0,0
68,105,22,0,0,0,12,1,0
89,105,29,0,0,0,16,1,0
81,105,34,0,0,0,17,1,0
86,105,31,0,0,0,12,1,0
86,105,32,0,0,0,16,1,0
92,107,28,0,0,0,12,0,0
269,320,255,0,0,0,19,1,0
80,100,30,0,0,0,16,1,0
160,220,65,0,0,0,18,0,0
84,90,38,1,0,0,12,0,0
92,97,43,1,0,0,7,0,0
160,170,34,1,0,0,12,1,0
85,107,43,1,0,1,11,0,0
85,105,24,1,0,0,14,1,0
60,190,22,1,0,0,12,1,0
180,184,83,1,0,1,16,1,0
156,80,24,0,0,0,16,0,0
76,80,19,1,0,0,14,0,0
30,160,44,1,0,0,12,1,0
88,97.5,68,1,1,0,13,1,0
80,85,42,1,0,0,14,0,0
95,101,42,1,0,1,15,1,0
132,139,37,1,0,0,12,1,0
123,140,34,1,0,0,12,0,0
146,147,53,1,0,1,14,0,0
63,101,19,1,0,0,14,0,0
75,105,19,1,0,0,12,0,0
56,125,31,1,0,0,13,1,0
70,93,26,1,0,1,14,1,0
110,128,23,1,1,0,12,0,0
66,88,106,1,0,0,12,1,0
85,100,25,1,0,0,12,1,0
170,189.5,28,1,0,0,16,1,0
90,105,35,1,0,1,12,1,0
85,104,33,1,0,1,12,1,0
139,147,31,1,0,0,15,1,0
83,85,44,1,0,0,12,0,0
90,163,35,0,1,0,16,0,0
108,130,52,1,1,0,16,1,1
90,112,139,1,1,0,12,1,0
170,244,69,0,1,0,20,1,0
87,143,57,1,1,0,17,0,1
117,143,56,0,1,0,12,0,0
146,226,66,0,1,0,18,0,0
108,147,44,0,1,0,18,0,0
99,124,34,0,1,0,20,1,0
130,193,65,0,1,0,18,0,0
100,445,56,0,1,0,16,0,0
92,184,38,0,1,0,12,0,0
140,210,64,0,1,0,16,0,0
100,157,39,0,1,0,13,0,0
120,150,98,0,1,0,12,1,0
203,303,76,0,1,0,12,0,0
218,228,73,1,1,1,12,0,0
128,160,71,0,1,0,16,0,0
171,215,101,0,1,0,14,0,0
171,215,70,0,1,0,20,0,0
126,193,57,0,1,0,16,0,0
130,163,73,1,1,0,16,0,0
112,138,55,0,1,0,12,0,0
118,132,58,0,1,0,14,0,0
145,340,92,0,1,0,16,0,0
115,145,52,0,1,0,13,0,0
150,250,106,0,1,0,18,0,0
162,180,90,0,1,0,17,1,0
123,140,60,0,1,0,13,0,0
159,200,82,0,1,0,17,0,1
118,125,62,0,1,0,14,1,0
234,320,130,0,1,0,20,0,0
23,122,16,0,1,0,16,1,0
158,175,62,0,1,0,13,0,0
200,305,101,0,1,0,20,0,0
134,151,75,0,1,0,16,0,0
165,280,87,0,1,0,16,0,0
137,155,56,0,1,0,16,0,0
126,133,58,0,1,0,12,0,0
144,160,105,0,1,0,12,1,0
187,202,83,0,1,0,12,0,1
172,225,72,0,1,0,16,0,0
168,180,67,0,1,0,16,0,0
160,190,59,0,1,0,16,0,0
69,193,40,0,1,0,16,1,0
168,212,65,0,1,0,19,1,0
186,235,65,0,0,1,7,0,0
126,140,44,0,1,0,18,1,0
160,172,83,0,1,0,13,0,0
110,138,54,0,1,0,16,1,0
110,149,43,0,1,0,12,0,0
168,210,66,0,1,0,21,0,0
45,68,79,1,1,0,12,0,0
86,89,39,0,1,0,14,1,0
83,88,36,0,1,0,14,1,0
110,160,65,0,1,0,12,1,0
83,88,35,0,1,0,14,1,0
122,173,42,0,1,0,19,1,1
90,234,64,0,1,0,19,0,0
120,240,54,0,1,0,16,0,0
93,143,30,0,1,0,16,1,1
248,310,141,0,0,0,22,0,0
146,166,74,0,1,0,16,0,0
150,510,103,0,1,1,14,1,1
111,141,64,0,1,0,12,1,0
124,156,50,0,1,0,14,0,0
160,280,749,0,1,1,12,0,1
70,120,69,0,1,0,14,1,0
81,115,35,0,1,0,13,0,0
110,126,24,0,1,0,18,1,0
135,240,110,0,1,0,16,0,0
135,193,64,0,1,0,19,1,0
235,255,99,0,1,0,16,1,0
109,115,67,0,1,0,12,1,0
84,118,44,0,1,0,18,1,0
126,140,65,0,1,0,19,1,0
187,325,73,0,1,0,21,0,0
215,285,107,0,1,0,19,1,1
50,172,30,0,1,0,12,0,0
224,255,90,0,0,0,18,0,0
118,225,66,0,1,0,16,0,0
100,150,77,0,1,0,12,0,0
110,215,55,0,1,0,18,0,0
160,210,45,0,1,0,21,0,0
89,100,55,0,1,0,18,0,0
187,210,87,0,1,0,20,1,0
187,435,145,0,1,0,18,1,0
124,160,59,0,1,0,13,0,0
130,280,51,0,1,0,16,0,0
113,135,51,0,0,0,20,0,0
187,577,184,0,1,0,16,0,0
90,129,49,0,1,0,16,1,0
60,97,33,0,1,0,12,1,0
48,78,27,0,1,0,16,1,0
480,620,330,0,1,0,18,0,0
139,160,66,0,1,0,17,0,0
119,155,37,0,1,0,17,1,0
144,161,100,0,1,0,12,0,0
143,215,66,0,1,0,20,1,0
267,422,144,0,1,0,17,0,1
400,730,329,0,1,0,18,0,0
185,244,103,0,1,0,17,0,0
116,145,51,0,1,0,12,0,0
300,630,206,0,1,0,18,0,0
120,150,53,0,1,0,12,1,0
145,185,54,0,0,0,14,1,0
124,159,54,0,1,0,16,0,0
56,79,30,0,1,0,15,1,0
105,225,48,0,1,0,12,0,0
182,235,78,0,1,0,18,0,0
123,150,43,0,1,0,14,1,0
137,155,43,0,1,0,13,0,0
400,550,342,0,1,0,18,0,0
74,84,31,0,0,1,13,1,0
115,144,51,0,1,1,13,0,0
170,255,70,0,1,0,16,0,0
116,151,60,0,1,0,12,0,0
130,146,60,0,1,0,16,1,0
145,230,72,0,1,0,16,0,0
40,190,48,0,1,0,17,0,0
114,143,60,0,1,0,17,0,0
136,180,48,0,0,0,20,1,0
124,158,60,0,1,0,21,0,0
255,460,192,0,1,1,12,0,1
125,220,72,0,1,0,16,0,0
73,88,72,0,1,1,16,0,0
68,135,24,0,1,0,12,1,0
90,125,36,0,1,0,18,1,0
123,146,60,0,1,0,12,0,0
90,120,33,0,1,0,12,1,0
92,125,46,0,1,0,16,1,0
140,221,62,0,1,0,12,0,0
128,160,53,1,1,0,16,0,0
148,163,53,0,1,0,12,0,0
136,170,55,0,1,0,16,1,0
106,123,40,0,1,0,12,1,0
115,148,69,0,1,0,16,1,0
136,170,75,0,1,0,16,1,0
145,270,72,0,1,0,13,0,0
90,123,41,0,1,0,15,1,0
70,89,43,0,1,0,12,1,0
162,180,63,0,1,0,12,1,1
146,160,50,0,1,0,16,0,0
115,135,52,0,1,0,12,0,0
115,248,71,0,1,0,18,0,0
132,152,59,0,0,0,19,1,0
100,265,51,0,1,0,13,0,0
127,134,57,0,1,0,12,0,0
144,152,69,0,1,0,16,1,0
109,190,67,0,1,0,14,1,0
98,200,83,0,1,0,18,0,0
164,184,88,0,1,0,12,0,1
113,235,52,0,1,0,18,0,0
131,138,64,0,1,0,18,0,0
145,195,60,0,1,0,12,1,0
132,168,42,0,1,0,17,0,0
111,122,49,0,0,0,18,0,0
93,184,49,0,1,0,16,0,0
151,168,71,0,1,0,12,0,0
130,233,135,0,1,0,16,1,0
117,134,89,1,1,0,12,1,0
106,133,41,0,1,0,17,1,0
71,96,34,0,1,0,16,1,0
227,246,60,0,1,1,19,1,1
55,250,48,0,1,0,19,1,0
187,270,96,0,1,0,19,0,1
187,290,96,0,1,0,18,0,0
172,216,96,0,1,0,16,1,0
100,210,60,0,1,0,23,0,0
104,150,36,0,1,0,14,0,0
30,140,36,0,1,0,14,0,0
220,260,157,0,1,0,23,0,0
235,280,120,0,1,0,17,0,1
267,296,86,0,1,0,14,0,1
116,145,69,0,1,0,19,0,0
135,175,31,0,1,0,15,1,0
83,93,65,0,1,0,14,0,0
167,185,109,0,1,0,12,0,0
180,225,72,0,1,0,12,1,1
95,105,41,0,0,0,16,1,0
100,125,85,0,1,0,14,0,1
200,250,132,0,1,0,16,0,0
100,200,36,0,1,0,12,0,0
186,240,71,0,1,0,19,0,0
110,142,41,0,1,0,16,1,0
135,152,41,1,1,0,16,1,0
127,152,41,1,1,0,16,1,0
135,150,23,1,1,0,17,0,0
110,160,68,0,1,0,14,1,0
187,288,91,0,1,0,18,0,0
43,288,91,0,1,0,18,0,0
180,275,77,0,1,0,12,0,0
128,161,55,0,1,0,15,0,0
133,156,58,0,0,0,16,1,0
114,143,44,0,0,0,10,0,0
72,93,34,0,1,0,20,1,0
144,180,42,0,1,0,14,1,1
80,100,43,1,0,0,16,1,0
71,90,38,1,0,1,16,1,0
102,127,38,1,1,0,10,0,0
108,135,61,0,0,1,20,1,0
103,129,36,1,0,0,16,1,0
112,139,72,1,0,0,14,0,0
78,97,84,1,0,1,20,1,1
100,125,44,0,0,0,16,1,0
170,170,95,0,0,1,16,0,0
108,105,32,1,1,0,16,1,1
136,170,70,0,1,0,16,1,0
160,160,71,0,1,0,16,0,0
315,449,122,0,1,0,18,0,1
315,428,123,0,1,0,16,1,0
678,745,284,0,1,0,20,0,0
550,1396,384,0,1,0,18,0,1
165,248,70,0,1,0,12,0,0
86,107,33,0,1,0,14,0,0
119,159,51,0,1,0,12,0,0
126,150,61,0,1,0,14,0,0
187,235,114,0,1,0,20,1,0
143,159,66,0,1,0,16,0,0
135,185,63,0,1,0,14,1,0
187,222,107,0,1,0,16,1,0
88,190,64,0,1,0,14,0,0
17,65,31,0,1,0,13,0,0
161,202,81,0,1,0,12,0,0
159,214,90,0,1,0,16,1,0
108,140,46,0,0,0,16,1,0
187,250,80,0,1,0,16,0,1
59,123,39,0,1,0,16,1,0
90,112,52,0,0,0,15,0,0
106,132,57,0,1,0,16,1,0
132,165,101,0,1,0,16,0,0
100,270,53,0,1,0,20,0,0
258,323,105,1,1,0,18,0,0
123,156,83,0,1,0,14,0,0
259,309,131,0,1,0,19,0,0
141,178,69,0,1,0,12,0,0
210,265,85,0,1,0,16,0,0
108,153,66,0,1,0,16,0,0
150,295,100,0,1,0,16,0,1
460,545,260,0,1,0,20,0,0
125,139,59,0,1,0,16,1,0
311,389,114,1,0,0,19,1,0
119,160,94,0,1,0,23,1,0
186,207,67,0,1,0,17,0,0
125,225,54,0,1,0,12,0,0
89,112,75,1,1,0,16,1,0
110,125,26,0,1,0,12,0,0
105,115.5,66,0,1,0,14,1,0
110,255,38,0,1,0,13,0,0
100,202,74,0,1,0,16,0,0
30,163,55,0,1,0,14,1,1
40,142,32,0,1,0,14,0,0
132,282,28,0,1,0,16,0,0
124,135,49,0,1,0,12,0,0
70,70,70,1,1,0,12,0,0
75,175,49,0,1,0,16,0,0
85,183,60,0,1,0,20,0,0
125,420,56,0,1,0,12,0,0
185,210,135,0,1,0,16,1,0
100,130,120,0,1,0,12,0,1
95,105,63,0,1,0,12,0,0
106,116,35,0,1,0,18,0,0
132,147,45,0,1,0,12,1,0
120,152,37,0,1,0,12,0,0
120,135,50,0,1,0,18,1,0
123,148,48,0,1,0,13,0,0
60,120,30,0,1,0,14,1,0
122,152,54,0,1,0,12,0,0
96,120,45,0,1,0,16,0,0
225,250,118,0,1,0,19,0,0
225,290,70,0,1,0,12,0,0
160,280,7,1,1,0,6,0,1
113,140,47,0,1,0,16,1,1
90,100,54,0,1,0,14,1,0
104,130,63,1,1,1,14,0,0
170,180,86,0,1,0,16,0,0
85,135,69,0,1,0,14,0,0
130,140,53,0,0,0,14,0,0
145,172,51,0,1,0,16,0,0
60,140,44,0,1,0,12,1,0
100,182,43,0,1,0,12,0,0
255,356,37,0,1,0,16,1,0
65,160,54,0,1,0,13,1,0
175,315,85,0,1,1,12,0,0
75,136,56,0,1,0,8,1,0
100,300,57,0,1,0,13,1,0
162,170,122,0,1,0,21,1,0
112,140,39,0,1,0,18,1,0
121,176,67,0,1,0,17,0,0
118,169,62,0,1,0,12,0,0
139,155,88,1,1,1,12,0,0
133,140,48,0,1,0,18,1,0
136,4316,134,0,1,0,23,0,0
137,152,72,0,1,0,12,1,0
90,250,80,0,1,0,20,0,0
250,475,324,0,1,0,20,0,0
110,180.5,58,0,1,0,16,0,0
215,298,114,0,1,0,12,0,1
120,150,86,0,1,0,19,1,0
50,167.5,42,0,1,0,12,0,0
280,362,157,0,1,0,20,0,0
95,190,57,0,1,0,12,0,0
100,170,68,0,1,0,20,1,0
104,125,49,0,1,0,13,1,0
100,229,49,0,1,0,12,0,0
115,172.5,56,0,1,0,16,0,0
100,143,58,0,1,0,14,0,0
60,215,74,0,0,0,12,0,0
99,99,50,0,1,0,12,0,0
100,115,45,0,0,0,15,1,0
100,105,26,0,0,0,14,1,0
158,175,67,0,1,0,15,0,0
81,85,40,0,1,0,18,1,0
230,360,128,0,1,0,18,0,0
90,123,37,0,1,0,15,1,0
96,122,51,0,1,0,12,1,1
95,138,46,0,1,0,12,0,0
110,148,63,0,1,0,12,0,0
96,120,38,0,1,0,16,0,0
79,147,55,0,1,0,18,0,0
115,582,51,0,1,0,18,0,0
138,145,56,0,1,0,18,0,0
188,278,86,0,1,1,18,0,0
100,106,43,0,0,0,16,1,0
117,133,47,0,1,0,14,0,0
126,141,55,0,1,0,12,1,0
75,175,76,0,1,1,14,0,1
123,119,79,0,1,0,12,0,0
153,177,70,0,1,0,20,0,0
144,157,24,0,1,0,17,0,0
97,121,58,0,1,0,17,1,0
135,220,73,0,1,0,19,1,0
55,79,189,0,1,0,17,1,1
135,231,69,0,1,0,14,0,0
122,155,33,0,1,0,16,0,0
113,158,86,0,1,0,16,1,0
102,107,67,0,1,0,16,1,0
115,125,60,1,1,0,12,1,0
162,142,70,0,1,0,16,0,0
104,369,58,0,1,0,18,1,0
125,200,45,0,1,0,22,1,0
185,375,295,0,1,0,16,0,1
112,122,59,0,1,0,12,0,0
259,288,125,0,1,0,22,1,0
150,163,69,0,1,0,16,0,0
131,310,57,0,0,0,12,0,1
187,245,114,0,1,0,16,0,0
155,129,41,0,1,0,18,1,0
185,373,86,1,1,0,16,0,0
116,155,32,0,1,0,16,1,0
118,148,81,0,0,0,12,0,0
171,196,55,0,1,0,18,1,0
104,159,63,0,1,0,17,0,0
153,169,62,0,1,0,16,0,0
94,200,56,0,1,0,20,0,0
126,160,56,0,1,0,16,1,0
108,181,43,1,0,0,14,1,0
145,156,74,0,1,0,18,0,0
116,148,112,0,1,0,17,0,0
60,219,36,0,1,0,16,1,0
100,155,65,0,1,0,13,0,0
124,158,49,0,1,0,16,1,0
133,144,65,0,1,0,14,0,0
130,140,51,0,1,0,17,1,0
96,385,39,0,1,0,19,0,0
284,380,140,0,0,0,24,0,0
55,73,59,1,1,0,20,0,0
9,62,28,1,1,0,13,1,0
46,62,28,1,1,0,13,1,0
126,158,66,0,1,0,16,1,0
144,170,65,0,1,0,16,0,0
201,255,96,0,1,0,18,0,0
72,76,58,1,1,0,16,1,0
185,278,110,0,1,0,24,1,0
121,383,28,0,0,0,20,1,1
48,84,27,0,1,0,13,1,0
144,162,42,0,1,0,16,1,0
104,119,55,0,1,0,16,0,0
191,418,115,0,1,0,16,0,1
77,386,120,0,1,0,19,0,0
137,181,253,0,1,0,17,0,1
90,154,230,0,1,0,16,0,0
108,318,41,0,0,0,18,0,1
148,186,71,0,1,0,16,1,0
126,115,74,0,1,0,18,1,0
246,265,100,0,1,0,20,0,0
134,180,58,0,1,0,19,0,0
360,453,155,0,1,0,19,0,1
132,166,71,0,1,0,13,1,0
154,172,70,0,1,0,18,1,0
174,195,80,0,1,0,18,1,0
131,148,56,0,1,0,16,1,0
142,155,62,0,1,0,16,0,0
131,170,75,0,1,0,15,0,0
212,265,89,0,1,0,15,1,0
149,165,71,1,0,0,10,1,0
113,146,48,0,1,0,16,0,0
300,550,190,0,1,0,12,0,0
125,156,49,0,1,0,12,1,1
158,175,78,1,0,1,16,0,0
220,295,88,0,1,0,21,0,1
116,129,50,1,1,1,16,1,0
118,147,71,0,1,0,14,0,0
380,485,188,0,1,0,19,0,1
135,152,90,0,1,0,18,1,0
100,130,87,0,1,0,14,0,0
132,167,74,0,1,0,16,1,0
168,210,65,0,1,0,19,0,0
130,145,55,0,1,0,14,0,0
180,270,71,0,1,1,12,1,0
200,280.5,77,0,1,0,16,1,1
111,143,46,0,1,0,16,1,0
132,195,60,0,1,0,18,1,0
200,333.5,96,0,1,0,16,0,0
175,351,97,0,1,0,18,1,0
330,509,213,0,1,0,13,0,1
450,686,265,0,1,0,18,0,0
140,140,54,0,1,0,14,1,0
175,250,84,0,1,0,14,0,1
170,466.5,82,0,1,0,16,0,0
274,342.5,105,0,1,0,19,0,0
140,265,67,0,1,0,16,0,0
95,135,36,0,1,0,14,0,1
75,165,113,0,1,0,15,0,0
130,130,59,0,1,1,25,1,0
105,145,39,0,1,0,16,0,0
100,146.5,43,0,1,0,18,1,0
130,130,81,0,1,0,17,0,0
165,331,138,0,1,0,17,0,0
125,262,60,0,1,0,12,0,0
232,282.5,72,1,1,0,20,0,1
192,291,85,0,1,0,20,0,0
100,130.7,60,0,1,0,17,0,0
124,124.5,49,0,1,0,12,1,0
35,78,17,1,1,0,12,1,0
60,118,64,0,1,0,14,1,0
190,255,138,0,1,0,16,0,0
260,582.5,122,0,1,0,20,0,1
83,83,35,0,0,0,12,1,0
88,93,34,1,1,0,14,1,0
103,120,48,0,0,0,16,0,0
55,91,36,0,1,0,14,1,0
55,91,21,0,0,0,14,1,1
95,114,72,0,1,0,16,0,0
102,110,36,0,0,0,16,1,0
50,87,84,0,1,0,11,0,0
86,107,36,0,0,0,13,1,0
285,250,91,0,1,0,16,0,0
148,148,60,1,1,0,16,1,0
187,240,144,0,1,0,22,0,0
131,145,53,0,1,0,16,1,0
240,300,105,0,0,0,16,0,0
122,135,54,0,1,0,10,0,0
286,360,130,0,1,0,20,0,0
82,105,37,0,1,0,16,1,0
390,570,162,0,1,0,16,0,0
131,150,62,0,1,0,16,1,1
148,157,79,0,1,0,16,0,0
180,260,120,0,1,0,16,0,1
250,335,96,0,1,0,16,0,0
146,165,58,1,0,1,18,0,0
276,355,199,0,1,0,19,0,0
106,122,74,0,1,0,16,1,0
137,171,79,0,1,0,12,0,0
230,340,99,0,1,0,17,0,0
89,112,75,0,1,0,16,1,0
215,320,204,0,1,0,16,0,1
106,132,56,0,1,0,16,1,1
124,160,66,0,1,0,16,0,0
172,191,66,1,1,0,18,0,0
140,340,156,0,1,0,14,0,0
187,350,141,0,1,0,25,0,0
100,150,95,0,1,0,17,1,0
123,159,60,0,1,0,16,1,0
322,435,122,0,1,0,16,0,1
120,180,54,0,1,0,16,1,0
373,395,147,0,1,0,23,0,0
320,409,220,0,1,0,14,0,0
200,277,153,0,1,0,16,0,1
85,183,47,0,1,0,12,0,0
112,157,80,0,1,0,12,1,1
200,250,117,0,0,0,19,0,0
176,274,74,0,1,0,17,0,0
140,235,55,0,1,0,18,1,0
150,212,34,0,1,0,12,0,1
180,226,157,0,1,0,16,1,0
190,270,74,0,1,0,16,0,1
120,150,65,0,0,0,24,1,0
980,950,250,0,1,0,14,0,0
99,110,37,0,0,0,16,0,0
95,110,44,0,1,0,14,1,0
95,80,37,0,1,0,12,1,0
80,160,67,0,1,0,16,1,0
50,150,48,0,1,0,19,0,0
150,235,77,0,1,0,14,1,0
110,150,50,0,1,0,12,0,1
145,245,57,0,1,0,12,0,0
47,58.5,36,0,1,0,16,1,0
440,550,159,0,1,0,18,0,1
170,285,89,0,1,1,18,1,1
187,279,62,0,1,0,12,1,1
110,224,66,0,1,0,16,0,0
60,103,41,0,1,0,18,1,0
142,195,30,0,1,0,16,1,1
118,150,71,0,1,0,16,0,0
150,237,107,0,1,0,18,0,0
275,380,96,0,1,0,16,0,0
123,154,51,0,1,0,14,0,0
70,164,72,0,1,0,12,0,0
115,210,48,0,1,0,16,0,0
150,205,60,0,1,0,14,1,0
108,138,48,0,1,1,13,1,0
130,168,72,0,1,0,20,0,0
103,129,24,0,1,0,13,1,0
118,136,60,0,1,0,14,0,0
123,154,96,0,1,0,12,0,0
88,98,48,0,1,0,17,1,0
40,146,24,0,1,0,12,0,0
86,108,240,0,1,0,14,0,1
80,135,48,0,1,0,12,0,1
120,130,48,0,1,0,12,1,0
119,135,72,0,1,0,16,0,0
130,142,48,0,0,0,12,0,0
138,174,60,0,1,0,14,0,1
112,140,48,0,1,0,18,1,0
66,110,36,0,1,1,14,1,1
135,186,48,0,1,1,16,0,0
134,204,48,0,1,0,12,0,0
131,142,48,0,1,0,16,0,0
175,366,84,0,1,0,16,0,0
122,140,60,0,1,0,12,1,0
187,270,96,0,1,0,16,0,0
95,147,48,0,1,0,12,0,0
110,116,48,1,1,1,12,0,0
36,45,36,0,1,0,15,1,0
113,129,84,0,1,0,18,0,0
100,199,47,0,1,0,16,0,1
119,130,45,0,0,0,16,0,0
126,174,49,0,0,1,22,0,0
114,130,63,0,1,0,16,0,0
120,153,54,0,1,0,12,0,0
115,217,51,0,1,1,13,0,0
119,130,63,0,1,0,12,1,0
104,130,92,1,1,0,12,0,0
180,242,117,0,1,0,16,0,0
120,260,69,0,1,0,12,0,0
125,145,49,0,1,0,16,1,1
100,152,57,1,1,0,12,1,0
100,174,31,0,1,0,19,1,0
148,185,288,1,1,0,16,1,0
90,134,49,0,1,0,18,0,0
130,180,33,0,1,0,20,0,0
240,270,72,0,1,0,26,1,0
177,200,89,0,1,0,16,1,0
600,1175,400,0,1,0,14,0,0
118,127,40,0,1,0,18,1,0
240,270,270,0,1,0,18,1,0
225,280,63,1,1,0,16,0,0
160,270,118,0,1,0,20,0,1
68,80,40,0,1,0,16,1,0
125,164,72,0,1,0,12,0,1
160,270,50,0,1,0,17,0,0
184,260,50,0,1,0,16,1,0
288,376,105,0,1,0,16,0,0
128,160,60,0,1,0,16,1,1
75,137,48,0,1,0,12,1,1
200,290,95,0,1,1,14,0,0
28,67,35,0,1,0,12,1,0
26,67,60,0,1,0,16,1,0
138,153,71,0,1,0,15,0,0
112,132,51,1,1,0,12,1,0
75,213,33,0,1,0,12,1,0
40,130,52,0,1,0,18,0,0
40,118,35,0,1,0,16,1,0
108,122,51,0,1,0,12,1,0
177,221,75,0,1,0,17,1,0
632,790,351,0,1,0,18,0,0
110,152,35,0,1,0,16,1,0
188,556,143,0,1,0,16,0,0
40,200,47,0,1,0,15,1,0
30,90,37,0,1,0,18,1,0
123,160,49,0,1,1,14,1,0
168,210,70,0,1,0,18,0,0
153,170,71,0,1,0,12,0,0
182,228,53,0,1,0,12,1,0
350,440,732,1,1,1,18,1,0
280,370,108,0,1,0,19,0,0
136,170,120,1,1,1,12,0,0
70,175,36,0,1,0,12,1,0
100,205,36,0,1,0,9,0,1
75,125,24,0,1,0,14,1,0
158,175,72,1,1,1,12,1,1
68,110,36,0,1,0,16,1,0
198,295,86,0,1,0,20,0,0
200,385,115,0,1,0,16,0,0
60,335,145,0,1,0,16,0,0
118,220,56,0,1,0,17,0,0
200,367,159,0,1,0,17,0,0
235,480,126,0,1,0,16,0,0
100,145,54,0,1,0,12,1,1
90,105,41,0,1,0,12,0,0
162,182,80,0,1,0,12,0,0
131,162,48,0,1,0,17,1,0
108,125,38,0,1,0,12,0,0
80,80,32,0,1,0,14,1,0
83,83,43,0,1,0,14,1,0
126,172,39,0,1,0,12,1,0
113,141,45,0,1,0,14,1,0
119,132,65,0,1,0,16,1,0
65,100,48,0,1,1,12,0,0
87,147,54,0,1,0,16,0,0
100,125,71,0,1,0,12,0,0
73,92.5,33,0,1,0,12,1,0
152,190,71,0,1,0,12,0,0
60,160,120,0,1,0,16,0,1
100,240,66,1,1,0,12,0,0
95,125,51,0,0,0,12,0,0
116,150,59,0,1,0,12,0,0
50,65,38,0,1,0,16,0,0
110,300,60,0,1,0,12,0,0
60,95,57,0,1,0,12,0,0
115,235,105,0,1,0,16,0,0
159,364,86,0,1,0,16,0,0
152,175,61,1,1,0,16,1,0
90,142,55,0,1,0,16,1,0
100,130,77,0,1,0,12,1,0
136,170,69,0,1,0,12,1,0
100,122,38,1,1,0,14,0,0
111,145,46,0,1,0,18,1,0
228,288,101,0,1,0,16,0,0
720,823,330,0,1,0,12,1,0
376,470,211,0,1,0,18,0,1
250,337,103,0,1,0,16,0,0
235,650,110,0,1,1,16,0,0
466,537,200,0,1,0,20,0,0
274,370,150,0,1,0,18,0,0
170,255,110,0,1,0,18,0,0
86,175,32,0,1,0,16,0,0
143,154,57,0,1,0,16,1,0
88,115,34,0,1,0,14,1,0
145,157,58,0,1,0,14,1,0
105,111,61,0,1,0,12,0,0
99,125,46,0,0,0,19,1,0
40,67,13,0,0,0,20,1,0
102,127,43,0,1,0,13,0,0
250,525,102,0,1,0,18,0,0
135,150,51,0,0,0,12,0,0
276,355,144,0,1,0,20,0,1
104,130,45,0,1,0,14,0,0
70,78,31,0,1,0,18,1,0
98,150,35,0,1,0,16,1,0
95,106,49,1,1,1,15,1,0
119,245,76,0,1,0,16,0,0
138,186,61,0,1,0,14,0,0
177,230,69,0,1,0,15,0,0
148,218,62,0,1,1,12,0,0
63,125,33,0,1,0,18,1,0
136,182,59,0,1,1,17,0,0
89,121,33,0,1,0,12,0,0
92,116,81,0,1,0,16,0,0
128,163,63,0,1,0,18,0,0
300,415,147,0,1,0,19,0,0
116,126,44,0,1,0,13,0,0
187,365,792,0,1,0,20,0,1
108,118,46,0,1,0,12,1,0
84,159,39,0,1,0,12,0,0
109,123,44,0,1,1,12,0,0
171,187,67,0,0,0,14,1,0
146,215,109,0,1,0,20,1,0
69,85,93,0,1,0,16,1,0
142,155,74,0,1,0,16,0,0
148,185,73,0,1,0,18,1,0
152,190,60,0,1,1,14,0,0
50,169,27,1,1,0,16,1,0
172,221,66,0,1,0,18,0,0
177,205,66,0,1,0,19,0,0
120,133,76,0,0,1,15,0,0
133,143,54,0,1,0,18,1,0
81,105,44,0,1,0,16,1,0
167,185,75,0,0,0,13,1,1
71,118,33,0,1,0,16,1,0
108,141,54,0,1,1,16,0,0
135,196,54,1,1,0,16,1,1
119,171.8,52,1,1,0,12,0,0
130,150,82,0,0,0,16,0,0
82,150,89,0,1,0,16,0,0
110,183,77,0,1,0,16,0,0
104,134,68,0,1,0,12,1,0
155,205,80,0,1,0,16,0,0
141,162,72,0,1,0,23,1,0
143,182,57,0,1,0,16,0,0
109,161,64,0,1,0,17,1,0
102,143,51,0,1,0,13,0,0
92,120,52,0,1,0,14,1,0
180,225,128,0,1,0,16,1,0
187,270,99,0,1,0,19,1,1
139,148,65,0,1,1,24,0,0
100,194,58,0,1,0,12,0,0
165,345,84,0,1,0,20,0,0
108,200,33,0,1,0,12,0,0
324,366,120,0,1,0,18,0,0
126,145,63,0,1,1,19,1,0
72,99,35,0,1,0,12,0,0
70,78,44,0,1,0,17,1,0
128,139,59,0,0,1,16,1,0
108,173,46,0,1,0,20,0,0
140,180,52,0,1,0,16,0,0
136,177,57,0,1,0,16,0,0
28,105,25,0,1,0,12,1,0
225,295,102,0,1,0,12,0,0
94,99,43,0,1,0,12,1,0
107,119,48,0,1,1,16,1,0
148,202,64,0,1,0,16,0,0
170,258,90,0,1,1,16,0,0
97,102,59,0,1,0,12,0,0
130,202,81,0,0,0,12,0,0
130,174,56,0,1,0,17,1,0
149,169,60,0,1,0,18,0,0
130,175,86,0,1,0,16,0,0
127,142,78,0,1,0,19,0,0
160,185,68,0,1,0,12,1,1
108,123,47,0,1,0,12,0,0
88,119,41,0,1,0,20,1,0
260,377,100,0,1,0,18,0,0
99,111,45,0,1,1,16,1,0
140,180,59,0,1,0,12,0,0
65,107,21,1,1,0,12,1,0
175,338,120,0,1,0,16,0,1
85,125,43,0,1,0,16,0,0
71,98,35,0,1,0,17,1,0
106,136,76,0,1,0,16,1,0
189,220,91,0,1,0,20,0,0
150,165,115,0,1,0,19,0,0
105,136,33,0,1,0,12,1,0
105,121,36,0,1,0,16,1,0
108,121,52,0,1,0,16,0,0
60,134,20,0,1,0,12,0,0
92,200,92,0,0,0,16,1,0
122,235,85,0,1,0,20,1,0
121,197,86,0,0,0,20,0,0
77,103,32,0,0,0,12,1,0
136,170,78,0,1,0,16,0,1
95,119,35,0,1,0,16,1,0
336,458,143,0,1,0,19,0,0
75,115,27,0,1,0,12,0,0
77,103,37,0,0,0,17,1,0
187,233,132,0,1,0,16,0,0
77,100,32,0,0,0,12,1,0
97,121,51,0,1,0,16,1,0
152,197,76,0,1,0,17,0,1
95,125,44,0,1,0,18,1,0
111,144,63,0,1,0,12,1,0
120,152,70,0,0,0,16,1,0
79,133,119,0,1,0,14,1,0
226,285,161,0,1,0,21,0,0
150,189,81,0,1,0,12,1,0
64,152,48,0,1,0,12,0,1
280,175,167,0,1,0,16,0,1
159,215,84,0,1,0,14,1,0
112,138,117,0,1,0,18,0,0
115,170,36,0,1,0,12,1,0
144,165,85,0,1,0,20,1,0
87,175,32,0,1,0,16,1,0
80,125,36,0,1,0,8,0,0
110,135,49,0,1,0,16,1,0
100,135,61,0,1,0,16,0,1
110,158,201,0,1,0,16,0,0
40,174,39,0,1,0,18,1,0
99,113,54,0,1,0,16,1,0
114,155,88,0,1,0,18,0,0
91,98,41,0,1,0,17,1,0
90,120,32,0,0,0,15,1,0
117,180,67,0,1,1,12,0,0
70,118,55,0,1,0,16,0,0
300,420,55,0,1,0,16,0,0
124,165,75,0,1,0,16,1,0
87,117,35,0,1,0,17,1,0
123,130,43,0,1,0,12,0,0
160,248,80,0,1,0,14,0,1
129,164,70,0,1,0,18,0,0
95,133,42,0,1,0,12,0,0
104,130,49,0,1,0,16,1,0
188,250,81,0,1,0,23,0,0
87,119,33,0,1,0,12,0,0
103,119,42,0,1,0,16,0,0
275,425,115,0,1,0,16,0,0
75,85,37,0,1,0,16,1,0
132,167,65,0,0,0,12,0,0
116,131,63,0,1,0,15,0,0
150,286,86,0,1,1,22,0,1
91,102,43,0,1,0,12,0,0
75,90,27,0,0,0,15,1,0
122,138,55,0,0,0,15,0,0
62,90,20,0,0,0,12,1,0
83,115,79,0,1,0,16,1,0
90,148,40,0,1,0,19,1,1
125,158,65,0,0,0,16,0,1
152,172,99,0,1,0,16,0,0
79,86,29,0,0,0,14,1,0
80,95,33,0,1,0,12,0,0
70,138,61,0,1,0,12,1,0
73,98,30,0,0,0,12,1,0
25,228,31,0,1,0,13,1,1
144,185,29,0,1,0,12,1,0
102,128,40,0,1,0,14,1,0
40,278,68,0,1,0,16,1,0
66,108,48,0,1,0,12,1,1
50,75,34,0,1,0,5,1,0
77,107,40,0,0,0,12,1,0
121,140,44,0,1,0,14,0,0
66,133,24,0,1,0,16,1,0
91,135,45,0,1,0,17,0,0
100,202,46,0,1,0,17,0,0
85,127,25,0,1,0,22,1,0
223,248,101,0,1,0,20,0,0
133,189,60,0,1,0,16,0,1
116,172,47,0,1,0,16,0,0
732,850,288,0,0,0,18,0,0
49,130,28,0,1,1,16,0,0
62,96,32,0,0,0,16,0,0
72,121,27,0,1,0,16,1,0
412,519,153,0,1,0,19,0,0
94,125,48,0,0,0,12,1,0
72,128,33,0,1,0,12,0,0
60,206,35,0,1,0,15,1,0
84,96,26,0,0,0,15,1,0
57,130,32,0,0,0,12,1,0
98,134,36,0,1,0,18,1,0
85,125,29,0,1,0,14,1,0
57,104,35,0,1,0,15,0,0
170,254,69,0,1,0,16,0,0
53,120,24,0,0,0,14,1,0
188,250,90,0,1,0,16,0,0
53,83,24,0,1,0,12,1,0
122,165,75,0,1,0,16,0,0
138,180,54,0,1,0,18,0,0
86,98,32,0,0,0,14,1,0
92,114,60,0,1,0,19,1,0
86,98,30,0,0,0,6,1,0
72,96,27,0,0,0,11,0,0
200,330,90,0,1,0,16,0,0
188,252,108,0,1,0,18,0,0
96,121,42,0,1,0,14,0,0
112,118,42,0,1,0,12,1,0
114,127,42,0,1,0,14,0,0
100,180,58,0,1,0,18,1,0
57,120,29,0,0,0,15,0,0
425,767,420,0,1,0,18,0,0
110,171,101,0,1,0,16,1,0
100,155,46,0,1,0,14,1,0
55,95,30,0,1,0,17,1,0
57,130,38,0,0,0,16,1,0
76,96,40,0,0,0,7,0,0
34,155,100,0,1,0,12,0,1
87,123,54,0,1,0,16,1,0
104,132,67,0,1,0,14,1,1
175,362,180,0,1,0,16,0,0
106,133,148,0,1,0,17,1,0
600,1100,252,0,1,0,18,0,0
275,725,200,0,1,0,17,0,0
160,272,74,0,1,0,17,0,1
99,141,63,0,1,0,12,0,0
350,750,321,0,1,0,26,0,1
91,123,38,0,1,0,16,1,0
490,621,223,0,1,0,20,0,0
114,163,98,0,1,0,15,0,0
436,583,175,0,1,0,20,0,0
148,165,73,0,1,1,16,0,0
105,135,37,0,1,0,18,1,0
480,650,182,0,1,0,19,0,1
352,450,122,0,1,0,19,1,1
76,105,26,0,0,0,12,1,0
188,294,116,0,1,0,14,1,1
500,825,641,0,1,0,19,0,1
248,280,117,0,1,0,18,0,0
48,66,59,0,1,0,12,1,0
57,120,28,0,0,0,12,1,0
91,130,51,0,1,0,12,0,1
78,105,25,0,0,0,16,1,0
188,254,91,0,1,0,20,0,0
135,192,157,0,1,0,12,0,0
145,172,77,0,1,0,16,0,0
212,267,87,0,1,0,22,1,1
79,110,24,0,0,0,12,1,0
84,124,36,0,1,0,16,1,0
99,110,45,0,0,0,14,1,0
78,109,29,0,0,1,13,0,0
104,131,48,0,1,0,16,0,0
63,172,27,0,0,0,14,1,0
28,145,18,0,1,0,8,1,0
95,110,34,0,1,0,12,1,0
103,128,168,0,1,0,16,0,0
351,440,130,0,1,0,20,0,0
268,337,113,0,1,0,16,0,0
122,137,44,0,1,0,18,1,0
91,97,31,0,0,0,16,1,0
200,645,201,0,1,0,16,0,0
171,214,86,0,1,0,20,1,0
93,130,50,0,1,0,16,1,0
134,154,57,0,1,0,14,1,0
95,150,82,0,1,0,19,0,0
140,180,54,0,1,0,19,1,0
278,370,115,0,1,0,19,0,0
104,115,51,0,1,0,13,1,0
72,110,26,0,0,0,12,1,0
85,125,33,0,1,0,19,1,0
480,604,127,0,1,0,21,1,0
104,131,39,0,1,0,14,0,0
286,395,347,0,1,0,18,0,0
91,95,33,0,0,0,14,1,0
64,103,49,0,1,0,15,1,0
42,65,37,0,1,0,16,1,0
124,155,65,0,1,0,16,0,0
160,234,78,0,1,0,12,0,0
81,105,58,0,1,0,24,1,0
85,115,35,0,1,0,12,0,0
90,184,432,0,1,0,14,1,0
330,550,135,0,1,0,20,0,0
62,156,47,0,1,0,12,1,1
150,210,77,0,1,0,16,0,0
92,115,111,0,1,0,16,0,1
214,314,120,0,1,0,16,1,0
242,310,192,0,1,1,16,1,0
71,90,78,0,1,0,16,1,0
201,233,120,0,1,0,16,0,0
188,275,83,0,1,0,19,0,0
66,145,79,0,1,0,12,1,0
209,244,108,0,1,0,21,1,0
175,235,94,0,1,0,16,0,0
81,110,78,0,1,0,17,1,0
160,240,101,0,1,0,16,0,0
100,184,78,0,1,0,18,0,0
239,265,22,1,1,0,16,0,1
123,136,61,1,1,1,12,1,0
92,98,42,1,0,0,12,0,0
74,82,38,1,1,0,16,1,0
124,165,56,1,0,0,19,1,0
176,208,102,1,1,0,16,1,0
105,151,67,1,1,0,16,1,1
114,155,44,1,1,0,18,0,0
85,110,261,1,1,0,17,0,0
104,115,52,1,0,1,16,1,0
255,288,122,1,1,0,16,0,0
54,87,28,1,1,0,12,1,0
87,110,46,1,0,0,14,1,0
176,220,85,1,1,0,12,0,1
125,131,48,1,0,1,12,0,0
126,140,51,1,0,1,15,0,0
159,180,56,1,1,0,16,0,0
91,130,38,1,1,0,12,0,0
77,100,27,1,0,0,9,0,0
114,122,50,1,0,1,14,1,0
130,138,42,1,0,1,12,0,0
120,149,88,1,1,0,12,1,1
116,142,62,1,0,0,12,0,0
150,165,61,1,0,1,17,0,0
160,173,80,1,1,0,16,0,1
112,109,55,1,0,0,15,0,0
360,450,972,1,0,1,16,0,0
188,213,91,1,1,1,16,0,0
135,160,71,1,1,0,14,1,0
177,125,180,1,1,1,16,1,1
95,117,37,1,1,0,16,1,0
180,294,164,1,1,0,16,0,0
79,83,43,1,1,0,14,1,0
153,192,69,0,1,0,15,1,0
142,153,63,0,1,0,13,1,0
107,128,48,0,1,0,16,0,0
157,171,100,0,1,0,16,1,0
130,159,74,0,1,0,16,0,0
182,289,139,0,1,0,14,0,1
138,160,67,0,1,0,16,1,0
120,169,70,0,1,0,16,1,0
265,472,135,0,1,0,16,0,0
120,152,56,0,1,0,16,0,0
258,287,124,1,1,0,21,0,0
110,159,78,0,1,0,12,1,0
130,151,66,0,1,0,16,1,0
147,165,54,1,1,0,10,0,0
75,133,39,0,1,0,13,1,0
103,131,52,0,1,0,16,1,0
125,203,71,0,1,0,18,0,0
90,153,49,0,1,0,12,0,0
77,113,63,0,1,0,12,1,0
94,141,51,0,1,0,16,0,1
140,180,82,0,1,0,22,0,1
116,148,51,0,1,0,16,1,0
158,210,73,0,1,0,16,1,0
221,258,116,0,1,0,16,0,0
146,185,70,0,1,0,16,0,1
138,179,78,0,1,0,19,0,0
173,205,75,1,1,0,19,0,0
134,185,57,0,1,0,15,0,0
101,134,51,0,1,0,17,0,0
135,147,66,0,1,0,16,0,0
149,170,86,0,1,0,20,0,0
149,320,147,0,1,0,19,0,0
240,371,93,0,1,0,19,0,1
160,214,73,0,1,0,16,0,0
87,110,39,0,1,0,12,0,0
122,139,61,0,1,0,16,0,0
132,166,72,0,1,1,15,0,0
187,215,64,0,1,0,12,0,0
150,170,66,0,0,1,14,0,0
342,380,120,1,1,1,16,0,0
133,151,72,0,0,0,18,0,0
104,130,62,1,0,1,15,0,0
117,130,51,1,0,0,12,0,0
166,208,146,1,1,0,14,0,1
144,173,84,0,1,0,23,1,0
132,152,94,1,0,1,16,0,0
150,200,312,0,1,0,16,1,1
66,113,39,1,1,0,12,1,0
160,193,172,1,1,1,16,0,1
81,113,61,0,1,0,10,0,0
113,125,43,0,0,0,12,0,0
205,245,72,0,1,0,18,0,0
117,130,92,1,0,1,14,1,0
112,144,45,0,0,1,14,1,0
125,173,62,0,1,0,16,0,0
128,167,70,0,1,0,16,0,0
166,185,66,0,1,0,14,0,0
116,146,67,0,1,0,16,1,0
121,159,84,0,0,0,14,0,0
43,83,34,0,1,0,12,0,0
84,105,55,1,0,0,15,0,0
108,120,49,0,1,0,12,0,0
135,150,71,0,0,0,15,1,0
128,160,83,0,1,0,16,0,0
185,215,350,0,0,0,16,1,0
63,70,47,0,1,0,16,1,0
111,124,56,1,1,0,14,1,0
117,130,69,0,1,0,18,1,0
112,140,22,1,0,1,17,1,0
110,195,67,0,1,0,18,0,0
90,100,53,0,1,1,12,1,0
71,108,55,0,1,0,18,0,0
124,165,56,1,1,0,20,1,0
124,147,101,0,0,0,12,1,0
203,226,56,1,0,1,16,1,0
281,354,94,0,1,0,19,0,0
137,153,122,0,0,0,16,0,0
137,153,122,0,0,0,18,1,0
187,215,86,1,1,0,12,0,1
127,147,47,0,1,0,19,0,0
70,79,40,0,1,0,14,1,0
106,119,183,0,1,1,25,1,0
85,125,50,0,1,0,16,1,0
105,100,49,1,1,0,16,0,0
252,315,106,0,1,0,17,0,1
56,70,118,0,1,0,12,0,1
165,197,64,1,1,0,12,0,1
81,90,47,1,1,0,11,0,0
81,100,47,0,1,0,11,0,0
83,80,94,1,1,1,26,1,1
83,80,94,1,1,1,26,1,1
134,156,85,0,1,0,16,0,0
99,133,35,0,1,0,20,0,0
131,148,53,1,1,1,14,0,0
152,170,70,0,1,0,19,0,0
128,145,84,0,1,0,14,1,0
86,108,74,1,1,0,12,0,0
71,80,27,1,0,0,16,1,1
54,68,28,1,1,1,14,1,0
159,213,68,0,1,0,16,1,0
90,130,57,0,1,0,13,0,0
132,168,67,0,1,0,12,1,1
117,130,50,0,0,0,14,0,0
116,129,46,0,1,0,16,1,0
128,142,56,0,0,0,12,0,0
113,128,37,0,1,0,12,0,0
133,152,89,0,1,0,12,0,0
77,108,28,0,1,0,25,1,0
98,140,86,0,1,0,17,0,0
126,145,38,1,0,0,15,1,0
49,76,70,0,1,0,16,0,0
73,114,55,0,1,0,16,0,0
203,227,101,0,1,0,18,0,0
450,630,155,0,1,0,18,0,0
136,170,64,0,1,0,16,1,0
135,185,70,0,1,0,12,0,0
136,170,64,0,1,0,16,1,0
150,172,56,1,1,0,16,1,0
260,331,96,0,1,0,17,0,0
166,195,63,0,1,0,16,0,0
40,50,50,1,1,1,13,1,0
104,117,40,0,0,0,14,0,0
111,124,57,0,1,0,12,0,0
140,184,78,0,0,0,16,1,0
117,149,45,0,0,0,12,0,0
99,115,69,1,1,0,12,0,0
67,95,48,0,1,0,12,0,0
50,60,29,0,1,0,14,1,0
54,61,23,0,1,0,16,1,0
275,338,69,1,1,0,17,1,0
51,57,34,0,1,0,14,1,0
100,114,69,0,1,0,14,0,0
70,78,34,0,0,1,17,1,0
42,47,45,0,1,0,16,0,0
150,167,66,0,1,0,16,0,0
76,109,39,1,0,0,14,1,0
148,185,74,0,1,0,18,0,0
100,114,70,0,1,0,16,1,0
157,205,77,0,1,0,16,0,0
158,175,57,0,1,0,12,0,0
90,128,45,0,1,0,8,0,0
421,526,184,0,1,1,19,0,1
126,150,58,1,1,0,12,1,0
121,139,51,0,1,0,16,0,0
75,160,33,0,1,0,14,0,0
140,213,75,0,1,1,20,0,0
100,132,55,1,1,0,13,0,0
200,310,107,0,1,0,14,0,1
157,208,77,0,1,0,16,0,0
370,515,280,0,1,0,18,0,0
370,525,192,0,1,0,16,0,0
90,175,51,0,1,0,14,0,0
128,136,64,0,1,0,16,0,0
95,112,43,0,1,0,12,0,0
165,180,61,0,1,0,16,0,0
155,200,84,0,1,0,19,1,0
135,167,59,0,1,0,13,1,0
182,368,102,0,1,0,21,0,0
185,357,80,0,1,0,16,0,0
162,172,80,1,1,0,16,1,0
125,166,111,0,1,0,13,0,0
120,440,84,0,1,0,18,0,0
185,253,97,0,1,0,20,0,0
315,355,139,0,1,0,20,0,0
140,156,46,0,0,0,12,0,0
244,305,115,0,1,0,16,0,0
187,287,77,0,1,0,17,1,0
66,118,50,0,1,0,18,1,0
182,233,82,0,1,0,16,0,0
157,180,68,0,1,0,16,0,0
187,268,101,0,1,0,18,0,0
105,235,47,0,1,0,12,0,0
149,160,68,0,1,0,12,0,0
172,225,69,0,1,0,16,0,0
112,160,70,0,1,0,12,0,0
105,112,35,0,1,0,12,1,0
187,368,104,0,1,0,21,0,0
124,162,43,0,1,0,16,0,0
187,240,105,0,1,0,17,1,0
120,134,45,0,1,0,18,0,0
244,315,110,0,1,0,16,1,0
30,345,61,0,1,0,14,0,0
236,303,104,0,1,0,16,0,0
62,111,56,0,1,0,12,1,0
100,145,40,0,1,0,14,1,0
115,128,55,0,1,0,16,0,0
104,116,55,0,1,0,14,0,0
126,141,56,0,1,0,12,1,1
70,77.8,26,0,0,0,12,1,0
128,160,85,0,1,0,16,0,0
90,145,27,0,1,0,12,1,0
181,226,4,0,1,0,12,0,0
103,114,51,0,1,0,16,1,0
135,150,75,0,1,0,12,1,0
123,143,61,0,1,0,12,0,0
110,153,44,0,1,0,12,1,0
119,149,93,0,1,0,12,1,0
104,130,50,0,1,0,14,0,0
130,145,51,0,1,0,16,0,0
128,175,48,0,1,0,14,0,0
179,202,101,0,1,0,14,0,0
130,162,77,0,1,0,12,0,0
141,157,63,1,1,0,14,1,0
113,137,65,0,1,0,16,1,0
150,210,69,0,1,0,15,0,0
114,140,52,0,1,0,16,1,0
80,116,43,0,1,0,12,1,0
90,130,47,0,1,1,12,0,0
138,172.5,54,0,1,0,16,0,0
95,125,43,0,1,0,16,1,0
88,127,21,0,1,0,18,1,1
90,180,40,0,1,0,12,0,0
132,172,55,1,0,0,16,1,0
126,10,40,0,1,0,14,1,0
110,235,68,0,1,0,15,0,0
171,190,87,0,1,0,17,0,1
144,222,71,0,1,0,12,1,0
143,152,65,0,1,0,12,0,0
88,124,42,0,1,0,14,0,0
129,143,73,0,1,0,12,1,0
96,107,43,0,1,0,16,0,0
102,137,53,0,1,0,16,1,0
126,145,41,0,1,0,14,0,0
57,73,56,1,0,0,14,0,0
99,122,64,0,1,0,12,0,0
150,193,74,0,1,0,17,0,0
168,209.5,89,0,1,0,19,0,0
96,137,64,0,1,0,12,0,1
142,150,73,0,1,0,16,0,0
135,155,46,0,1,0,12,0,0
157,188,158,0,1,0,12,0,0
130,138,61,0,1,0,13,0,0
78,97,41,0,1,0,14,1,0
53,92.5,33,0,1,0,12,1,0
152,250,100,0,1,0,14,0,0
95,190,57,0,1,0,14,0,0
133,147.5,90,0,1,0,16,0,0
65,72,32,0,1,0,12,0,0
89,99,43,0,1,0,12,0,0
128,170,61,0,1,0,22,1,0
80,135,38,0,1,0,12,1,0
172,230,75,0,1,0,14,0,0
53,72,31,0,1,0,12,0,0
88,110,41,0,0,0,17,0,0
90,120,41,0,1,0,12,0,0
126,169,60,0,1,0,16,0,0
112,117.5,49,0,1,1,12,0,0
205,228,21,1,0,1,12,0,0
250,282,97,0,1,0,16,0,0
106,132,41,0,1,1,12,0,0
101,126.5,52,0,1,0,16,0,0
162,247,72,0,1,0,12,0,0
100,105,72,0,1,0,16,0,0
151,191,107,0,1,0,17,1,0
100,105,112,0,1,0,16,0,0
171,190,166,0,1,0,12,0,0
132,147,58,0,1,0,12,1,0
106,118,49,0,1,0,15,0,0
130,261,108,0,1,0,16,0,0
109,115,52,0,1,0,18,0,0
155,180,60,0,1,0,12,1,0
98,122,38,0,1,0,8,0,0
185,205,85,0,1,0,16,0,0
44,74,50,0,1,0,16,1,0
134,149,55,0,1,0,16,0,0
85,95,81,0,1,0,13,1,0
122,162,50,0,1,0,16,1,0
75,125,46,0,1,0,14,1,0
184,200,75,1,1,1,16,0,0
135,276,84,0,1,0,18,0,0
108,120,46,0,1,0,14,0,0
113,125,62,1,1,0,20,0,0
140,251,65,0,0,0,12,1,0
185,240,85,0,1,0,16,0,0
127,141,80,0,1,0,14,0,0
59,160,47,0,1,0,14,1,0
128,142,59,0,1,0,16,0,0
79,105,62,0,1,0,12,0,0
132,165,46,0,1,0,21,0,0
140,175,61,0,1,0,16,0,0
131,145,56,0,1,0,12,0,0
125,131.5,59,0,1,0,12,0,0
98,122,46,0,1,0,12,0,0
100,125,58,0,1,0,14,0,0
67,74,30,0,1,0,14,1,0
159,177,77,0,1,0,14,0,0
90,105,62,0,1,0,12,0,0
75,104,65,0,1,0,12,0,0
110,125,47,0,1,0,12,1,0
81,92,55,0,0,0,12,1,0
83,110,46,1,1,0,12,1,0
105,140,58,1,1,0,17,0,1
100,250,62,0,0,0,14,0,0
112,140,51,0,1,0,16,1,0
102,170,49,0,1,0,18,0,0
250,290,107,0,1,0,17,0,0
200,295,109,1,1,0,18,1,0
260,326,106,0,1,0,18,0,0
290,412,117,1,1,0,18,0,0
260,325,228,1,1,0,16,0,0
287,325,110,0,1,0,16,0,0
152,169,60,0,1,0,16,0,0
304,440,201,1,1,0,22,0,0
108,160,104,0,1,0,16,0,1
120,150,60,0,0,0,15,0,1
650,1150,242,0,1,0,20,1,1
94,117,34,0,1,1,12,0,0
138,153,62,0,1,0,14,1,0
112,140,57,0,1,0,14,0,0
495,594,202,1,1,0,14,0,0
142,158,44,1,0,1,14,0,0
63,125,27,1,0,1,14,1,0
143,150,65,0,0,0,18,1,0
225,260,75,0,1,0,18,0,0
71,89,37,0,1,1,19,1,0
640,800,410,0,1,0,22,1,1
258,325,119,0,1,0,24,1,0
189,210,65,0,1,1,13,0,1
127,159,57,0,1,1,14,0,0
149,166,50,0,1,1,10,0,0
66,83,52,0,1,0,16,1,0
224,281,72,0,0,1,18,0,0
257,285,84,0,1,1,19,0,0
116,145,41,0,1,0,12,0,0
300,250,123,1,1,0,18,0,0
221,245,80,0,1,0,16,0,0
149,170,64,0,1,0,12,0,0
136,170,52,0,1,0,17,0,0
490,635,120,0,1,0,16,0,0
124,138,46,0,1,0,12,0,0
126,140,57,0,0,0,13,0,0
289,385,94,1,1,1,16,0,0
186,226,62,0,0,0,14,0,0
242,305,127,0,1,0,19,0,0
204,279,59,0,1,0,16,0,0
113,150,45,0,1,0,16,1,0
130,144,66,0,0,0,18,1,0
116,145,71,0,0,0,17,1,1
143,160,59,0,1,0,16,1,0
96,130,30,0,1,0,23,1,0
185,231,89,0,1,0,17,0,0
105,127,74,0,0,0,14,0,1
130,195,33,0,1,0,16,1,0
122,153,56,0,1,0,16,1,0
151,189,120,0,1,0,20,0,1
153,170,161,1,0,1,20,0,0
123,137,49,0,1,0,13,0,0
122,152,123,0,1,0,16,0,0
60,195,38,0,1,0,17,0,0
61,68,41,0,1,0,17,1,0
149,170,106,0,1,0,14,0,0
135,157,70,0,1,0,16,0,0
96,140,120,0,1,0,20,0,1
67,74,84,1,1,0,14,1,0
265,295,99,1,0,1,18,0,0
144,160,56,0,1,0,14,1,0
45,50,21,0,1,0,12,1,0
187,233,82,0,1,1,12,0,0
100,121,28,0,0,0,16,0,0
64,81,27,0,1,0,12,1,0
144,180,64,0,1,0,13,1,0
158,175,56,0,1,0,23,0,0
105,139,35,0,0,0,16,1,0
126,145,39,0,1,0,16,0,0
108,135,41,0,0,0,15,1,1
138,153,53,0,1,0,16,1,0
127,143,46,0,0,0,14,0,0
118,148,51,0,0,0,19,0,0
114,127,52,1,1,1,10,0,0
158,175,50,0,1,1,18,0,0
102,113,44,1,1,0,11,1,0
98,109,52,0,1,0,12,0,0
212,235,83,0,1,0,18,0,0
500,660,120,0,1,0,16,0,0
84,93,32,0,1,0,16,1,0
96,123,33,0,0,0,12,1,0
120,170,49,0,1,0,16,1,0
253,253,101,0,1,0,16,0,0
74,85,48,0,1,0,18,1,0
131,145,45,0,0,0,14,0,0
60,155,29,0,1,0,16,0,1
180,250,143,0,1,0,14,1,1
96,120,41,0,1,0,16,0,0
140,162,45,1,1,0,16,0,0
99,110,62,1,0,0,12,1,0
113,165,44,0,1,0,17,1,0
180,200,74,1,1,1,16,0,0
115,128,73,0,1,0,15,0,0
113,150,52,0,1,0,16,1,0
83,110,120,1,1,0,22,1,1
152,228,138,1,1,0,16,1,0
131,125,38,1,1,0,12,1,0
278,278,232,1,1,1,19,0,1
59,65,29,0,1,0,15,1,0
94,118,56,1,0,1,16,0,0
128,197,108,0,1,0,16,0,0
232,292,65,0,1,0,13,0,0
151,168,72,0,1,0,14,1,0
104,139,38,1,0,0,12,1,0
65,72,27,1,0,1,13,1,0
345,460,145,0,1,0,16,0,1
100,112,56,1,1,0,12,0,0
112,124,46,0,1,0,18,0,0
120,180,63,0,1,0,14,0,0
88,118,38,0,0,0,16,0,0
158,198,48,0,1,0,12,0,0
156,290,64,0,1,0,18,0,0
96,159,38,0,1,0,16,0,0
125,180,59,0,1,0,12,0,1
113,137,54,0,1,0,16,0,0
173,217,70,0,1,0,18,0,0
123,129,69,1,0,0,18,0,0
101,160,48,0,1,0,14,1,0
120,150,48,0,1,0,12,0,0
94,130,48,0,1,0,16,1,0
271,339,11,0,1,1,16,0,0
98,130,60,0,0,0,15,1,0
134,179,60,0,1,0,19,1,0
144,155,83,0,1,0,19,0,0
89,118,72,0,1,0,17,1,0
132,148,60,0,1,0,16,0,0
51,67.5,36,0,1,0,13,0,0
96,128.5,48,0,0,0,16,0,0
110,170,48,0,1,0,13,1,0
108,147,72,0,1,0,16,1,0
160,201,105,0,1,0,17,0,0
144,180,75,0,1,0,17,0,0
166,222,80,0,1,0,20,0,0
254,318,104,0,1,0,18,0,0
200,251,82,0,1,0,21,0,0
116,145,66,0,1,0,16,1,0
132,165,51,0,1,0,16,0,0
177,330,90,0,1,0,16,0,0
71,105,49,0,1,0,16,1,0
163,255,128,0,1,0,18,0,0
101,120,52,0,1,0,17,1,0
231,290,110,0,1,1,16,0,0
55,174,27,0,1,0,16,1,0
304,380,142,0,0,0,12,0,0
187,350,179,0,1,0,24,1,0
108,145,39,0,1,0,18,1,0
150,325,170,0,1,0,18,0,0
98,180,110,0,1,0,20,1,1
137,230,62,0,1,0,16,0,0
187,250,80,0,1,0,20,0,0
320,630,0,1,1,1,17,1,0
56,75,104,0,1,0,16,1,0
316,400,102,0,1,0,18,0,0
150,430,131,0,1,0,16,0,0
130,165,71,0,1,0,18,0,0
143,212,63,0,1,0,16,0,0
187,265,10,1,1,0,15,1,1
290,399.5,120,0,1,1,16,0,0
197,336,106,0,1,0,17,0,0
105,135,53,0,1,0,21,0,0
122,152,57,0,1,0,14,0,0
185,320,84,0,1,0,16,0,0
210,294,89,0,1,1,22,1,1
83,110,48,0,1,1,16,1,0
128,148,68,0,1,0,16,0,0
160,333,79,0,1,0,16,0,0
162,240,82,0,1,0,20,0,0
160,210,52,0,1,0,17,0,0
95,105,50,0,0,0,5,0,0
187,390,165,0,1,0,16,0,0
93,128,40,0,1,0,17,1,0
75,138,43,0,1,0,16,1,0
116,137,51,0,0,0,12,0,0
100,129,39,0,1,0,16,0,0
110,172,53,0,1,0,18,0,0
95,125,51,0,0,0,16,1,0
117,135,45,0,0,0,15,1,0
108,127.5,51,0,0,0,12,1,0
70,140,25,0,1,0,15,1,0
145,182,61,0,1,0,16,1,0
115,146,72,0,1,0,17,0,0
102,312,152,0,1,0,20,0,0
105,145,46,0,1,0,12,1,0
92,140,64,0,1,0,12,0,1
140,312,135,0,1,0,19,0,0
112,126,54,0,0,0,12,0,0
82,115,70,0,1,0,16,0,0
94,117,44,0,1,1,18,1,0
161,184,73,0,1,0,18,1,0
100,145,36,0,1,0,18,1,0
187,212,136,0,1,0,16,0,0
130,173,276,0,1,0,20,0,0
111,118,55,0,1,0,11,0,0
90,100,113,0,1,0,20,0,1
138,152,53,0,1,1,16,0,0
131,138,64,0,0,0,16,0,0
67,106,33,0,1,0,17,1,0
117,131,17,0,1,0,16,0,1
94,121,47,0,0,1,12,0,0
85,95,39,0,1,0,12,0,0
124,145,53,0,0,0,16,0,0
171,138,46,1,0,0,14,1,0
280,350,125,0,1,0,18,0,0
104,112,34,0,1,0,12,0,0
118,131,86,0,1,0,19,0,0
90,105,53,0,1,0,16,1,0
50,120,70,0,1,0,16,0,0
50,112,34,0,1,0,16,1,0
35,93,105,0,1,0,20,0,0
48,120,158,0,1,0,17,0,0
173,192,98,0,1,0,16,0,0
300,395,109,0,1,0,17,0,0
112,143,60,0,1,1,19,1,0
155,260,82,0,1,0,16,0,0
219,300,139,0,1,0,16,0,0
95,124,98,0,1,0,18,0,0
330,485,130,0,1,0,16,0,1
272,342,150,0,1,0,18,0,0
540,675,335,0,1,0,20,0,0
336,460,109,0,1,0,16,0,0
300,575,115,0,1,0,17,0,0
132,165,55,0,0,0,16,0,0
172,215,86,0,1,0,14,0,0
192,230,69,0,1,0,18,0,0
192,240,195,1,1,1,14,1,1
252,320,120,0,1,0,12,1,0
349,433,285,0,1,0,20,0,0
350,738,259,0,1,0,16,0,1
150,210,60,0,1,0,18,0,0
146,204,66,0,0,0,14,0,0
103,129,57,0,1,0,18,1,0
284,376,130,0,1,0,16,0,0
30,96,52,0,1,0,12,1,0
100,223,54,0,1,0,16,0,0
96,120,67,0,1,0,18,1,0
96,120,43,0,1,0,16,1,0
71,82,34,0,0,0,17,1,0
100,160,65,0,1,0,18,0,0
118,132,60,0,0,0,18,1,0
106,132,84,0,1,0,12,0,0
144,180,68,0,1,0,16,0,1
237,305,99,0,1,0,20,1,0
187,355,112,0,1,0,14,0,0
98,130,49,1,0,1,16,1,0
96,118,48,1,1,0,16,1,0
