state,year,cons,sturate,naturate,perinc,emppop,beertax,bapt,mormon,dage,dry,yngdrv,vmiles,breath,jaild,mrall,mralln,mra1820,mra2124,miles
1,1982,1.370000005,14.39999962,9.699999809,10544.15234,50.69203949,1.539379478,30.35569954,0.328289986,19,25.00629997,0.211572006,7233.887207,0,0,0.000212836,3.7037E-05,0.000446845,0.000413793,28516
1,1983,1.360000014,13.69999981,9.600000381,10732.79785,52.14702988,1.788990736,30.33359909,0.343409985,19,22.99419975,0.210767999,7836.347656,0,0,0.000234848,3.88889E-05,0.000492868,0.000427586,31032
1,1984,1.320000052,11.10000038,7.5,11108.79102,54.16808701,1.714285612,30.31150055,0.359239995,19,24.04260063,0.211484,8262.990234,0,0,0.000233643,4.13638E-05,0.000475259,0.000409722,32961
1,1985,1.279999971,8.899999619,7.199999809,11332.62695,55.27113724,1.652542353,30.28949928,0.37579,19.67000008,23.63389969,0.211140007,8726.916992,0,0,0.000219348,3.63094E-05,0.000466529,0.000401408,35091
1,1986,1.230000019,9.800000191,7,11661.50684,56.51449585,1.609907031,30.26740074,0.393110007,21,23.4647007,0.213400006,8952.853516,0,0,0.000266914,4.24691E-05,0.000566038,0.000452471,36259
1,1987,1.179999948,7.800000191,6.199999809,11944,57.50988007,1.559999943,30.24530029,0.411229998,21,23.79240036,0.215526998,9166.301758,0,0,0.000271859,4.43301E-05,0.00060766,0.000532819,37426
1,1988,1.169999957,7.199999809,5.5,12368.62402,56.83452988,1.501443624,30.22330093,0.430180013,21,23.79240036,0.218327999,9674.323242,0,0,0.000249391,3.38859E-05,0.00054404,0.000467681,39684
4,1982,1.970000029,9.899999619,9.699999809,12309.06934,56.89329529,0.214797139,3.958899975,4.919099808,19,0,0.209012002,6810.156738,0,1,0.000249914,4.52192E-05,0.000517973,0.000440367,19729
4,1983,1.899999976,9.100000381,9.600000381,12693.80762,57.55363083,0.206422031,3.890100002,4.831069946,19,0,0.203854993,6587.494629,0,1,0.000226738,3.76218E-05,0.000526912,0.000365297,19611
4,1984,2.140000105,5,7.5,13265.93359,60.37902069,0.296703309,3.822599888,4.744609833,19,0,0.209126994,6709.970215,0,1,0.000282878,4.85026E-05,0.00074367,0.000559091,20613
4,1985,1.860000014,6.5,7.199999809,13726.69531,58.64853287,0.381355941,3.756200075,4.65970993,21,0,0.188428,6771.262695,0,1,0.000280201,4.70662E-05,0.000625657,0.00055,21580
4,1986,1.779999971,6.900000095,7,14107.32715,60.28018188,0.371517032,3.690999985,4.576320171,21,0,0.171538994,8129.007813,0,1,0.000307106,5.276E-05,0.000645963,0.000616114,26655
4,1987,1.720000029,6.199999809,6.199999809,14241,60.21505737,0.360000014,3.626899958,4.494420052,21,0,0.168724,9370.654297,0,1,0.000276728,5.07974E-05,0.00061111,0.000570755,31729
4,1988,1.679999948,6.300000191,5.5,14408.08496,60.49766541,0.346487015,3.563999891,4.413990021,21,0,0.161005005,9815.720703,0,1,0.000270565,3.89797E-05,0.00063694,0.00053211,34247
5,1982,1.190000057,9.800000191,9.699999809,10267.30273,54.47585678,0.650358021,22.96719933,0.328289986,21,36.71279907,0.204903007,7208.500488,0,0,0.000238405,4.42133E-05,0.000511258,0.000388535,16630
5,1983,1.200000048,10.10000038,9.600000381,10433.48633,53.81479263,0.675458729,23.00090027,0.343409985,21,36.43009949,0.194169,7175.916992,0,0,0.00023957,3.78495E-05,0.000538534,0.000459119,16684
5,1984,1.220000029,8.899999619,7.5,10916.4834,54.67127991,0.598901093,23.0345993,0.359239995,21,36.10400009,0.186379999,7084.819824,0,0,0.000223785,3.45269E-05,0.000599354,0.00041358,16621
5,1985,1.120000005,8.699999809,7.199999809,11149.36426,54.97711945,0.57733053,23.06839943,0.37579,21,35.90499878,0.189291999,7253.917969,0,0,0.000226367,3.09453E-05,0.000468371,0.000354037,17112
5,1986,0.920000017,8.699999809,7,11399.38086,55.56186295,0.562435508,23.10219955,0.393110007,21,39.56959915,0.161956996,7468.999023,0,0,0.000254323,4.55504E-05,0.000554622,0.000537931,17709
5,1987,1.00999999,8.100000381,6.199999809,11537,56.33089447,0.545000017,23.13610077,0.411229998,21,39.28789902,0.164131999,7665.830566,0,0,0.000267588,4.60637E-05,0.00061538,0.000457746,18306
5,1988,0.99000001,7.699999809,5.5,11760.34668,57.36695099,0.524542868,23.17000008,0.430180013,21,39.28789902,0.167540997,8024.625488,0,0,0.000254697,3.59081E-05,0.00055455,0.000472603,19219
6,1982,2.210000038,9.899999619,9.699999809,15797.13574,59.51593018,0.10739857,1.723099947,1.678539991,21,0,0.190195993,6858.676758,0,0,0.000186194,3.8086E-05,0.000429219,0.000400423,169999
6,1983,2.150000095,9.699999809,9.600000381,15970.18359,59.25233459,0.103211015,1.734699965,1.667919993,21,0,0.183568999,7216.291504,0,0,0.000180672,3.38193E-05,0.000391644,0.000372216,182652
6,1984,2.069999933,7.800000191,7.5,16590.10938,60.69825745,0.0989011,1.746399999,1.657359958,21,0,0.174131006,7619.175781,0,0,0.000194611,3.71002E-05,0.00045657,0.000410886,196537
6,1985,1.970000029,7.199999809,7.199999809,16985.16992,61.331707,0.095338985,1.758200049,1.646870017,21,0,0.167896003,7874.066895,0,0,0.000188128,3.36431E-05,0.000423182,0.000410782,207600
6,1986,1.850000024,6.699999809,7,17356.03711,62.00846863,0.092879258,1.770099998,1.636440039,21,0,0.164370999,8034.910156,0,0,0.000194548,3.25914E-05,0.000447142,0.00042841,216951
6,1987,1.779999971,5.800000191,6.199999809,17846,63.07429504,0.090000004,1.782099962,1.626080036,21,0,0.160681993,8180.633301,0,0,0.000198966,3.4125E-05,0.00047397,0.00040878,226301
6,1988,1.720000029,5.300000191,5.5,18049.08594,63.78365707,0.086621754,1.794100046,1.615779996,21,0,0.148683995,8531.990234,0,,0.000190365,3.30579E-05,0.00047476,0.00039661,241575.0156
8,1982,2.25,7.699999809,9.699999809,15082.33887,64.96673584,0.214797139,2.299999952,1.823009968,21,0.113150999,0.229148,7742.841797,0,0,0.000217448,4.55729E-05,0.00053543,0.000406504,23786
8,1983,2.150000095,6.599999905,9.600000381,15131.88086,67.30021667,0.206422031,2.299999952,1.834619999,21,0.090821996,0.207657993,7656.062988,1,0,0.000205144,4.63639E-05,0.000405554,0.000403292,24109
8,1984,2.150000095,5.599999905,7.5,15486.81348,68.66242218,0.197802201,2.299999952,1.846310019,21,0.075861998,0.192155004,7707.852539,1,0,0.000190596,3.26019E-05,0.000429216,0.000422594,24588
8,1985,2.049999952,5.900000095,7.199999809,15569.91504,67.85414886,0.190677971,2.299999952,1.858080029,21,0.074899003,0.192028001,8092.209473,1,0,0.000179201,2.97122E-05,0.000355405,0.000429185,26146
8,1986,1.809999943,7.400000095,7,15616.09863,64.98344421,0.185758516,2.299999952,1.869910002,21,0.074097,0.192100003,8131.374512,1,0,0.00018463,3.55175E-05,0.00047205,0.000457014,26557
8,1987,1.779999971,7.699999809,6.199999809,15605,64.21829987,0.180000007,2.299999952,1.881829977,21,0.05807,0.192999005,8182.027832,1,0,0.000179308,2.73058E-05,0.00034395,0.000273148,26968
8,1988,1.74000001,6.400000095,5.5,15845.04297,65.30445099,0.173243508,2.299999952,1.893820047,21,0.05807,0.180260003,8380.768555,1,0,0.00015056,2.81733E-05,0.0002953,0.000330144,27664.99805
9,1982,2.420000076,6.900000095,9.699999809,17255.36914,61.72941971,0.224343672,0.100000001,0.233309999,18.5,0.227054998,0.192840993,6440.053711,0,0,0.000164695,5.05277E-05,0.000529882,0.000444444,20138
9,1983,2.460000038,6,9.600000381,17744.26563,62.29440689,0.23356308,0.100000001,0.251980007,19.25,0.082803003,0.189349994,6570.042969,0,0,0.00013949,3.75796E-05,0.000380196,0.000402778,20630
9,1984,2.410000086,4.599999905,7.5,18760.43945,65.03468323,0.248010993,0.100000001,0.272159994,20,0.080633998,0.181857005,6680.192871,0,0,0.000148653,3.99366E-05,0.000409815,0.000375,21076
9,1985,2.410000086,4.900000095,7.199999809,19312.5,65.91092682,0.239078403,0.100000001,0.293949991,20.32999992,0.080150999,0.178947002,6979.214844,0,1,0.000141147,3.24512E-05,0.000338024,0.000296296,22152
9,1986,2.309999943,3.799999952,7,20152.73438,67.24276733,0.232910231,0.100000001,0.317479998,21,0.079861999,0.171669006,7661.744629,0,1,0.000140933,3.57031E-05,0.00036129,0.000315,24464
9,1987,2.25,3.299999952,6.199999809,21192,67.63767242,0.225690007,0.100000001,0.342900008,21,0.080972001,0.166008994,8338.53418,0,1,0.000139832,3.17658E-05,0.00028,0.00035567,26775
9,1988,2.150000095,3,5.5,22193.45508,67.06396484,0.217218488,0.100000001,0.370350003,21,0.080972001,0.157067999,8061.235352,0,1,0.000149706,2.87659E-05,0.0003986,0.000376238,26062
10,1982,2.589999914,8.5,9.699999809,14263.72363,60.3104248,0.173031017,0.699999988,0.200000003,20,0,0.205542997,7651.653809,1,0,0.000203333,5.66667E-05,0.000652655,0.000479167,4591
10,1983,2.630000114,8.100000381,9.600000381,14500,59.86841965,0.166284397,0.699999988,0.200000003,20,0,0.199483007,8062.699707,1,0,0.000181518,4.29043E-05,0.00024959,0.000375,4886
10,1984,2.569999933,6.199999809,7.5,14925.27441,62.41901016,0.15934065,0.699999988,0.200000003,21,0,0.193182006,8368.0625,1,0,0.000211726,4.56026E-05,0.000424217,0.000361702,5138
10,1985,2.549999952,5.300000191,7.199999809,15408.89844,63.55932236,0.153601691,0.699999988,0.200000003,21,0,0.183341995,8625.424805,1,0,0.000167203,3.37621E-05,0.000288409,0.000446809,5365
10,1986,2.420000076,4.300000191,7,15822.49707,64.58332825,0.149638802,0.699999988,0.200000003,21,0,0.177616999,9045.817383,1,0,0.00021485,5.21327E-05,0.000529412,0.000536585,5726
10,1987,2.369999886,3.200000048,6.199999809,16407,65.5102005,0.144999996,0.699999988,0.200000003,21,0,0.169046998,9450.307617,1,0,0.000226708,4.19255E-05,0.00026471,0.000585366,6086
10,1988,2.319999933,3.200000048,5.5,16998.07422,67.59999847,0.139557257,0.699999988,0.200000003,21,0,0.158750996,9703.020508,1,0,0.000242424,4.84848E-05,0.00063333,0.000444444,6404
12,1982,2.50999999,8.199999809,9.699999809,13502.38672,53.4878006,1.073985696,9.152600288,0.400000006,19,0,0.181475997,7587.129883,1,0,0.000253197,5.60221E-05,0.000526307,0.000508721,79498
12,1983,2.460000038,8.600000381,9.600000381,13924.31152,53.72707748,1.170412779,8.936699867,0.400000006,19,0,0.177945003,7604.254395,1,0,0.000249768,5.22596E-05,0.000551031,0.000452211,81776
12,1984,2.349999905,6.300000191,7.5,14307.69238,55.6210289,1.186813235,8.725999832,0.400000006,19,0,0.178719997,7735.304688,1,0,0.000254661,5.12217E-05,0.000537372,0.000482468,85475
12,1985,2.269999981,6,7.199999809,14760.59277,56.36853409,1.144067883,8.520199776,0.400000006,20,0,0.170072004,7747.311035,1,0,0.000249164,4.3111E-05,0.000470755,0.00047427,88056
12,1986,2.24000001,5.699999809,7,15102.16699,57.44054413,1.114551187,8.319299698,0.400000006,21,0,0.162554994,7768.755859,1,0,0.000242004,4.53224E-05,0.000512671,0.000517139,90848
12,1987,2.170000076,5.300000191,6.199999809,15584,58.94334793,1.080000043,8.123100281,0.400000006,21,0,0.161257997,7788.330566,1,0,0.000236131,4.10047E-05,0.0004425,0.000486567,93639
12,1988,2.079999924,5,5.5,15979.78809,59.7909317,1.039461017,7.931600094,0.400000006,21,0,0.157563001,8538.230469,1,0,0.000249534,4.64532E-05,0.00056504,0.000546495,105319.0078
13,1982,1.940000057,7.800000191,9.699999809,11774.46289,60.07344055,2.720763683,24.65609932,0.42640999,19,0.498939991,0.210263997,8623.444336,0,0,0.000217484,3.9816E-05,0.000404501,0.000382423,48731.00391
13,1983,1.99000001,7.5,9.600000381,12237.38574,59.85541916,2.61467886,24.38850021,0.440259993,19,0.499909997,0.206981003,8518.589844,0,0,0.00022606,3.7851E-05,0.000434995,0.000374707,48837
13,1984,1.970000029,6,7.5,12957.14258,61.21197891,2.505494356,24.12389946,0.454560012,19,0.450190008,0.205331996,8641.914063,0,0,0.000241356,4.31359E-05,0.000514753,0.000387991,50486
13,1985,1.929999948,6.5,7.199999809,13364.40723,61.65137863,2.415254116,23.8621006,0.469319999,19.25,0.433169991,0.194928005,8988.107422,0,0,0.000227744,3.31325E-05,0.000465025,0.000371298,53713
13,1986,1.769999981,5.900000095,7,13891.64063,63.30336761,2.352941036,23.60320091,0.484569997,20.25,0.424589992,0.188868999,9344.767578,0,0,0.00025082,4.31148E-05,0.000470769,0.000444175,57003.00391
13,1987,1.75,5.5,6.199999809,14306,63.32088852,2.279999971,23.3470993,0.50029999,21,0.207279995,0.184329003,9690.28125,0,0,0.000256991,4.24301E-05,0.00041358,0.000462287,60293.00391
13,1988,1.720000029,5.800000191,5.5,14687.19922,64.0638504,2.194417715,23.09379959,0.516560018,21,0.207279995,0.174882993,9817.395508,0,0,0.000260643,4.28887E-05,0.000557,0.0004,62262
16,1982,1.389999986,9.800000191,9.699999809,11078.75879,58.8235321,0.402744651,1.023689985,25.15749931,19,0,0.233786002,8033.751953,0,0,0.000261759,4.80573E-05,0.000727301,0.000463768,7857
16,1983,1.299999952,9.800000191,9.600000381,11346.33008,59.85507202,0.387041301,1.035740018,24.98789978,19,0,0.228551,8387.641602,0,0,0.000266194,4.45344E-05,0.000735342,0.000521739,8287
16,1984,1.279999971,7.199999809,7.5,11386.81348,61.3733902,0.370879114,1.047940016,24.81959915,19,0,0.218235999,7775.768066,0,0,0.000242242,3.4034E-05,0.000508691,0.000485294,7768
16,1985,1.179999948,7.900000095,7.199999809,11459.74609,61.28571701,0.357521206,1.060279965,24.65229988,19,0,0.212605998,7671.631836,0,0,0.000253731,5.27363E-05,0.00075169,0.000415385,7710
16,1986,1.120000005,8.699999809,7,11541.7959,61.10325623,0.348297209,1.07277,24.48620033,19,0,0.207312003,7899.200684,0,0,0.000257485,4.79042E-05,0.00062,0.000507937,7915
16,1987,1.059999943,8,6.199999809,11859,61.18143082,0.337500006,1.085399985,24.32119942,20.5,0,0.202262998,8135.268555,0,0,0.000262525,5.31062E-05,0.00070833,0.000557377,8119
16,1988,1.070000052,5.800000191,5.5,12189.60547,62.90097809,0.324831575,1.098180056,24.15730095,21,0,0.189994007,8102.682129,0,0,0.000256231,3.58923E-05,0.0006383,0.000526316,8127
17,1982,2.039999962,11.30000019,9.699999809,14743.43652,58.07431793,0.188544154,2.346970081,0.2333,21,6.403550148,0.209362,5696.534668,0,0,0.00014384,3.64175E-05,0.000328299,0.000266667,65385
17,1983,1.960000038,11.39999962,9.600000381,14745.41309,57.74565887,0.181192666,2.370810032,0.252000004,21,6.396309853,0.205004007,5862.868164,0,0,0.0001328,3.15029E-05,0.000308912,0.000235792,67370
17,1984,1.929999948,9.100000381,7.5,15390.11035,59.13628769,0.173626378,2.394900084,0.272199988,21,6.379099846,0.195511997,6067.52832,0,0,0.000134265,2.97691E-05,0.000302041,0.000283088,69910
17,1985,1.860000014,9,7.199999809,15602.75391,59.70356369,0.167372882,2.419229984,0.293900013,21,6.371910095,0.192187995,6141.67627,0,0,0.000132987,2.63546E-05,0.00027922,0.000291092,70844
17,1986,1.75,8.100000381,7,15988.64844,60.34324265,0.163054705,2.443809986,0.317499995,21,4.473209858,0.185556993,6345.777344,0,0,0.00013817,3.06467E-05,0.00031338,0.000320755,73300
17,1987,1.679999948,7.400000095,6.199999809,16417,60.99988937,0.158000007,2.468630075,0.342900008,21,4.461229801,0.182501003,6540.846191,1,0,0.000143326,2.81471E-05,0.00031284,0.000311203,75756
17,1988,1.629999995,6.800000191,5.5,16915.30273,61.59708405,0.1520693,2.493710041,0.370299995,21,4.461229801,0.170911998,6757.612793,1,0,0.000158171,3.13415E-05,0.00040541,0.000307798,78483
18,1982,1.440000057,11.89999962,9.699999809,12282.81641,56.42292404,0.309132457,1.804430008,0.328299999,21,0,0.202989995,7149.91748,1,0,0.000175269,4.28597E-05,0.000409096,0.000342233,39203
18,1983,1.389999986,11.10000038,9.600000381,12364.67871,56.48422241,0.297079116,1.859019995,0.343400002,21,0,0.180197999,7277.506348,1,0,0.000185605,3.87285E-05,0.000427808,0.000360494,39837
18,1984,1.389999986,8.600000381,7.5,13008.79102,58.71964645,0.284673631,1.915269971,0.359200001,21,0,0.103285998,7478.887207,0,0,0.000168427,3.47779E-05,0.000342917,0.000343358,41074
18,1985,1.389999986,7.900000095,7.199999809,13161.0166,61.43695068,0.27442053,1.973209977,0.375800014,21,0,0.185119003,7416.25293,0,0,0.000177123,3.01873E-05,0.000374368,0.000404639,40782
18,1986,1.279999971,6.699999809,7,13582.04297,62.45145798,0.267340541,2.032919884,0.393099993,21,0,0.120420001,7714.322266,0,0,0.000188624,3.48901E-05,0.000417544,0.000396648,42452
18,1987,1.289999962,6.400000095,6.199999809,13937,61.92881393,0.259052992,2.094419956,0.411199987,21,0,0.097662002,7977.21582,0,0,0.000190743,3.5075E-05,0.00035484,0.000336182,44122
18,1988,1.279999971,5.300000191,5.5,14363.81152,63.40649033,0.24932915,2.157789946,0.430200011,21,0,0.073137,9201.576172,0,0,0.000198164,3.63571E-05,0.00050769,0.000393855,51124
19,1982,1.25,8.5,9.699999809,12968.97363,60.02779007,0.375894994,0.466610014,0.328299999,19,0,0.216398999,6653.263184,0,0,0.000165119,2.99278E-05,0.000370164,0.000305556,19341
19,1983,1.230000019,8.100000381,9.600000381,12573.39453,60.44465256,0.361238539,0.503970027,0.343400002,19,0,0.204322994,6770.307617,1,0,0.000176997,4.23554E-05,0.000495515,0.000353774,19661
19,1984,1.159999967,7,7.5,13203.29688,60.74073792,0.346153855,0.544319987,0.359200001,19,0,0.193046004,7060.630371,1,0,0.000144678,3.44471E-05,0.000409243,0.000270531,20497
19,1985,1.100000024,8,7.199999809,13351.69531,60.49325562,0.333686441,0.587899983,0.375793993,19,0,0.184236005,7001.037598,1,0,0.000164355,2.9473E-05,0.000480698,0.000383838,20191
19,1986,0.980000019,7,7,13812.17773,62.52336502,0.383126944,0.63499999,0.393110991,20,0,0.178267002,7192.990234,1,0,0.000154737,3.26316E-05,0.000451389,0.000288136,20500
19,1987,1.039999962,5.5,6.199999809,14284,64.03180695,0.42750001,0.685800016,0.411226988,21,0,0.172570005,7342.257324,1,0,0.000173253,3.21101E-05,0.00039855,0.000329412,20808
19,1988,0.959999979,4.5,5.5,14111.64551,66.68217468,0.484926879,0.740700006,0.430177003,21,0,0.156330004,7730.063477,1,0,0.000196542,3.7403E-05,0.0005,0.00041954,21907
20,1982,1.289999962,6.300000191,9.699999809,14094.27246,62.73291779,0.484009564,3.19659996,0.426407009,21,0,0.213104993,7333.069336,0,1,0.000206811,3.65449E-05,0.000415878,0.000416216,17658
20,1983,1.230000019,6.099999905,9.600000381,13917.43164,62.44394684,0.465137631,3.246099949,0.440257013,21,0,0.204552993,7479.61084,0,1,0.000169345,3.13144E-05,0.000449103,0.000351648,18153
20,1984,1.210000038,5.199999809,7.5,14308.79102,63.11977386,0.445714295,3.296299934,0.454557002,21,0,0.195034996,7670.887695,0,1,0.000209016,3.93443E-05,0.000468124,0.000384181,18717
20,1985,1.220000029,5,7.199999809,14631.35547,65.55184174,0.429661036,3.347300053,0.469321012,21,0,0.190181002,7867.333496,0,1,0.000198367,3.63265E-05,0.000487814,0.00039645,19275
20,1986,1.139999986,5.400000095,7,14977.2959,64.40771484,0.418575853,3.399100065,0.48456499,21,0,0.183509007,8100.053223,1,1,0.000203335,4.47336E-05,0.000516393,0.000378205,19918
20,1987,1.080000043,4.900000095,6.199999809,15152,65.77510834,0.405600011,3.451600075,0.500304997,21,0,0.179385006,8304.130859,1,1,0.000198304,4.52342E-05,0.00052542,0.000434211,20560.99805
20,1988,1.080000043,4.800000191,5.5,15167.46875,66.143013,0.390375376,3.505000114,0.516555011,21,0,0.170375004,8481.355469,1,1,0.000193587,3.80762E-05,0.00053636,0.000342105,21161.00195
21,1982,1.429999948,10.60000038,9.699999809,11071.59863,55.83982468,0.215990454,24.04109955,0.300000012,21,39.45330048,0.195235997,6937.46582,0,0,0.000222523,4.30428E-05,0.000542528,0.000429603,25627
21,1983,1.379999995,11.69999981,9.600000381,10913.99121,55.22058487,0.207568794,23.91270065,0.300000012,21,39.24079895,0.202714995,7194.142578,0,0,0.000209478,3.98492E-05,0.000448468,0.000364621,26719
21,1984,1.299999952,9.300000191,7.5,11441.75781,56.90223694,0.198901087,23.78499985,0.300000012,21,40.35409927,0.191641003,7513.703125,1,0,0.000202688,3.3871E-05,0.000430589,0.000390511,27951
21,1985,1.279999971,9.5,7.199999809,11405.7207,55.89949036,0.191737279,23.65789986,0.300000012,21,39.10359955,0.202641994,7654.335449,1,0,0.00019109,3.1401E-05,0.000422108,0.000342007,28520
21,1986,1.169999957,9.300000191,7,11602.68359,55.57971191,0.186790496,23.53149986,0.300000012,21,45.792099,0.179629996,7859.620605,1,0,0.000216049,3.81106E-05,0.000454082,0.000426829,29285
21,1987,1.159999967,8.800000191,6.199999809,12008,55.38739014,0.180999994,23.40579987,0.300000012,21,45.77980042,0.173934996,8135.244141,1,0,0.000226456,3.24658E-05,0.00045312,0.000441667,30320
21,1988,1.159999967,7.900000095,5.5,12340.71191,56.57941818,0.174205959,23.28079987,0.300000012,21,45.77980042,0.166122004,8482.435547,1,0,0.000224846,2.87094E-05,0.00052247,0.000432653,31614
22,1982,1.840000033,10.30000019,9.699999809,12213.60352,53.74718475,0.866348445,15.2656002,0.328285992,18,3.454299927,0.281495988,6137.798828,1,1,0.000248916,5.24755E-05,0.000615861,0.000507246,26902
22,1983,1.75999999,11.80000019,9.600000381,11994.26563,53.36705399,0.832568824,15.1498003,0.343414009,18,3.409100056,0.243498996,6208.741699,0,1,0.000210088,3.78293E-05,0.000469942,0.000413994,27573
22,1984,1.74000001,10,7.5,12017.58203,54.88225937,0.79780221,15.03479958,0.359239012,18,3.183099985,0.281625003,7080.938477,0,1,0.000215423,4.97646E-05,0.000483185,0.000449704,31588
22,1985,1.600000024,11.5,7.199999809,11972.45801,54.95467377,0.769067824,14.92070007,0.375793993,18,3.124300003,0.202868998,7445.878418,0,1,0.000207766,4.32939E-05,0.000484347,0.000406061,33365
22,1986,1.450000048,13.10000038,7,11602.68359,53.71233368,0.749226034,14.80749989,0.393110991,18,3.080699921,0.196082994,7108.686035,0,1,0.000207157,4.02312E-05,0.000448133,0.000465347,31982
22,1987,1.399999976,12,6.199999809,11515,53.64404297,0.726000011,14.69509983,0.411226988,20.5,3.106899977,0.182696,6859.20752,0,1,0.000185384,3.90047E-05,0.00035498,0.000437931,30599
22,1988,1.389999986,10.89999962,5.5,11830.60645,53.84858322,0.698748827,14.58360004,0.430177003,21,3.106899977,0.170625001,7867.977051,0,1,0.000209846,4.71869E-05,0.00051675,0.000372881,34682
23,1982,1.970000029,8.600000381,9.699999809,11442.7207,55.99051285,0.805489302,0.100000001,0.400000006,20,3.345099926,0.187582999,6733.285645,0,1,0.000146127,2.64085E-05,0.000417643,0.0002375,7649
23,1983,1.99000001,9,9.600000381,11795.87109,57.25995255,0.774082601,0.100000001,0.400000006,20,3.406100035,0.183961004,6920.51709,0,1,0.000195633,3.84279E-05,0.00048636,0.000530864,7924
23,1984,1.970000029,6.099999905,7.5,12271.42871,59.76878357,0.741758227,0.100000001,0.400000006,20,3.571190119,0.179519996,8083.908203,0,1,0.000200692,4.06574E-05,0.000638124,0.000271605,9345
23,1985,1.830000043,5.400000095,7.199999809,12609.11035,59.77143097,0.715042412,0.100000001,0.400000006,20.5,3.350519896,0.174748003,7969.934082,0,1,0.000176976,3.35052E-05,0.000511925,0.000275,9277
23,1986,1.789999962,5.300000191,7,13292.05371,60.1359024,0.749807,0.100000001,0.400000006,21,3.32765007,0.169681996,8550.347656,0,1,0.000182594,2.90102E-05,0.000366667,0.000554054,10021
23,1987,1.779999971,4.400000095,6.199999809,13984,62.47216034,0.787500024,0.100000001,0.400000006,21,3.285589933,0.188786998,9069.936523,0,1,0.000195451,3.03286E-05,0.00057627,0.000361111,10766
23,1988,1.779999971,3.799999952,5.5,14538.97949,62.91028214,0.757940352,0.100000001,0.400000006,21,3.285589933,0.179826006,9461.399414,0,1,0.000211618,2.57261E-05,0.0005,0.000376623,11401
24,1982,2.460000038,8.399999619,9.699999809,15198.09082,61.45026016,0.241050124,3.022690058,0.328285992,21,1.533679962,0.196279004,6768.09375,1,0,0.000149778,4.2593E-05,0.000384602,0.000296774,28920
24,1983,2.380000114,6.900000095,9.600000381,15644.49512,63.14654922,0.231651381,3.034090042,0.343414009,21,1.501049995,0.204689994,7118.825195,1,0,0.000152523,3.88282E-05,0.00029777,0.000326923,30618
24,1984,2.319999933,5.400000095,7.5,16313.18652,64.5377121,0.221978024,3.045540094,0.359239012,21,1.133939981,0.212862998,7289.488281,1,0,0.00014785,3.26512E-05,0.0002702,0.000346032,31702
24,1985,2.25999999,4.599999905,7.199999809,16921.60938,64.55090332,0.213983059,3.057039976,0.375793993,21,1.122840047,0.215296999,7590.409668,1,0,0.000165984,3.21038E-05,0.000396094,0.000389241,33337
24,1986,2.130000114,4.5,7,17475.74805,66.24410248,0.208462343,3.068579912,0.393110991,21,1.107380033,0.176036999,7826.70459,1,0,0.000175745,3.90047E-05,0.000333333,0.00044898,34915
24,1987,2.099999905,4.199999809,6.199999809,18167,66.69565582,0.202000007,3.080159903,0.411226988,21,1.091510057,0.170368001,8046.975098,1,0,0.000179493,3.79272E-05,0.00040541,0.000408304,36493
24,1988,1.980000019,4.5,5.5,18755.5332,66.68564606,0.194417715,3.091779947,0.430177003,21,1.091510057,0.172347993,8112.945801,1,0,0.000169191,3.24535E-05,0.00037383,0.000322581,37498
25,1982,2.460000038,7.900000095,9.699999809,15215.99023,62.05266571,0.286396176,0,0.100000001,20,1.811139941,0.190606996,6380.050781,0,0,0.000114669,2.94066E-05,0.000277081,0.000244395,36666
25,1983,2.420000076,6.900000095,9.600000381,15801.60547,61.98569107,0.275229365,0,0.100000001,20,1.800209999,0.186082006,6510.739746,0,0,0.000112903,3.43392E-05,0.000261278,0.000247166,37541
25,1984,2.460000038,4.800000191,7.5,16735.16406,64.33163452,0.263736248,0,0.100000001,20,2.242150068,0.179802001,6646.59082,0,0,0.000114867,3.12177E-05,0.000316862,0.000273563,38537
25,1985,2.400000095,3.900000095,7.199999809,17271.18555,64.64490509,0.254237294,0,0.100000001,20.5,2.310319901,0.173664004,6818.296387,0,0,0.000127448,3.02302E-05,0.0003298,0.000237089,39696
25,1986,2.200000048,3.799999952,7,18145.51172,64.45320892,0.247678012,0,0.100000001,21,1.800070047,0.170999005,7027.964355,0,0,0.0001289,3.25677E-05,0.000261438,0.000282383,41001
25,1987,2.25999999,3.200000048,6.199999809,19050,65.11881256,0.239999995,0,0.100000001,21,1.793609977,0.162926003,7225.436035,0,0,0.000117677,2.78395E-05,0.00031757,0.000214477,42305
25,1988,2.150000095,3.299999952,5.5,20034.64844,66.17519379,0.230991334,0,0.100000001,21,1.793609977,0.155174002,7358.472656,0,0,0.000123111,2.80183E-05,0.00033577,0.00021608,43334
26,1982,1.879999995,15.5,9.699999809,13247.0166,53.53864288,0.545653939,0.62480998,0.200000003,21,0,0.243818,6712.743164,1,0,0.000152682,4.29966E-05,0.000343778,0.000246715,61200
26,1983,1.870000005,14.19999981,9.600000381,13606.65137,54.74843979,0.524378419,0.637600005,0.200000003,21,0,0.237243995,6721.328125,1,0,0.000145129,3.81047E-05,0.000322177,0.000268366,60855
26,1984,1.870000005,11.19999981,7.5,14317.58203,57.24455261,0.502481282,0.650640011,0.200000003,21,0,0.243742004,7007.070801,1,0,0.000169022,3.68735E-05,0.000351971,0.00029878,63470
26,1985,1.840000033,9.899999619,7.199999809,14830.50879,57.69797134,0.484383464,0.66395998,0.200000003,21,0,0.219419003,7416.576172,1,0,0.000170004,3.32306E-05,0.00034779,0.000278383,67402
26,1986,1.75,8.800000191,7,15278.6377,58.40746689,0.471886456,0.677550018,0.200000003,21,0,0.191911995,7829.523438,1,0,0.000175621,3.65467E-05,0.000372881,0.000307818,71554
26,1987,1.649999976,8.199999809,6.199999809,15418,59.94805527,0.457257986,0.691410005,0.200000003,21,0,0.186720997,8228.915039,1,0,0.000173587,3.61957E-05,0.00036501,0.000298507,75706
26,1988,1.620000005,7.599999905,5.5,15930.70215,60.24684143,0.440094322,0.705560029,0.200000003,21,0,0.175254002,8430.646484,1,0,0.000184416,3.88528E-05,0.00039819,0.000320534,77899
27,1982,2.130000114,7.800000191,9.699999809,13781.62305,65.08143616,0.346062034,0.100000001,0.200000003,19,0,0.199833006,7059.263672,1,0,0.000138156,3.33898E-05,0.000280402,0.000306709,29176
27,1983,2.109999895,8.199999809,9.600000381,13840.59668,64.76499176,0.332568794,0.100000001,0.200000003,19,0,0.191820994,7494.074707,1,0,0.000133896,2.9916E-05,0.000334865,0.000265372,31063
27,1984,2.059999943,6.300000191,7.5,14734.06641,67.18196106,0.3186813,0.100000001,0.200000003,19,0,0.178974003,7644.966309,1,0,0.000139803,2.5943E-05,0.00041853,0.000246711,31826
27,1985,2.039999962,6,7.199999809,14983.05078,66.97629547,0.307203382,0.100000001,0.200000003,19,0,0.175171003,7795.873047,1,0,0.000145004,3.0527E-05,0.000340145,0.000251701,32688
27,1986,1.779999971,5.300000191,7,15464.39648,66.76154327,0.299277604,0.100000001,0.200000003,19.67000008,0,0.164709002,8053.17627,1,0,0.000135533,2.8721E-05,0.00041784,0.000235075,33928
27,1987,1.809999943,5.400000095,6.199999809,15910,66.88555145,0.316249996,0.100000001,0.200000003,21,0,0.153882995,8282.359375,1,0,0.000124823,2.6613E-05,0.00026699,0.000243243,35167
27,1988,1.730000019,4,5.5,16048.12305,68.89848328,0.320981711,0.100000001,0.200000003,21,0,0.144433007,8462.254883,1,0,0.000142094,2.6004E-05,0.00042187,0.00029368,36447
28,1982,1.5,11,9.699999809,9553.699219,52.20507431,1.145942807,30.09000015,0.300000012,21,19.87529945,0.208188996,6679.400879,0,0,0.000284379,5.2201E-05,0.000536566,0.00053125,17146
28,1983,1.470000029,12.60000038,9.600000381,9513.761719,50.87622833,1.101261497,30.03510094,0.300000012,21,20.03100014,0.207435995,6891.988281,1,0,0.00027681,4.4909E-05,0.000506801,0.000489691,17802
28,1984,1.419999957,10.80000019,7.5,9792.307617,52.06521606,1.055274725,29.98040009,0.300000012,21,20,0.199328005,7098.540039,1,0,0.000261355,3.9261E-05,0.000550458,0.000389744,18442
28,1985,1.360000014,10.30000019,7.199999809,9797.669922,54.20911407,1.076631427,29.92569923,0.300000012,21,19.8852005,0.193235993,7321.09668,1,0,0.000253349,3.9036E-05,0.000486552,0.000526042,19130
28,1986,1.269999981,11.69999981,7,9996.904297,54.57463837,1.065387011,29.87120056,0.300000012,21,18.63999939,0.185524002,7489.32373,1,0,0.000293826,5.0305E-05,0.000578231,0.00052907,19652
28,1987,1.230000019,10.19999981,6.199999809,10303,55.08790588,0.960300028,29.81669998,0.300000012,21,17.26479912,0.175625995,7684.952148,1,0,0.000288,4.5333E-05,0.00059028,0.000568862,20173
28,1988,1.230000019,8.399999619,5.5,10698.74902,55.46129227,0.924254119,29.76239967,0.300000012,21,17.26479912,0.161036,8413.373047,1,0,0.000275573,4.0458E-05,0.00054962,0.000485549,22043
29,1982,1.269999981,9.199999809,9.699999809,12968.97363,56.50999451,0.346612185,14.3842001,0.466610014,21,0,0.207460999,7082.758789,0,0,0.000180089,4.4516E-05,0.000443723,0.000341737,35003
29,1983,1.269999981,9.899999619,9.600000381,13186.92676,56.70601273,0.333097488,14.47710037,0.503970027,21,0,0.201180995,7363.07373,0,0,0.000183558,4.5738E-05,0.000384264,0.000315493,36543
29,1984,1.269999981,7.199999809,7.5,13727.47266,58.59957504,0.319187909,14.57069969,0.544319987,21,0,0.187239006,7705.445801,0,0,0.000193361,4.0592E-05,0.000502805,0.000392045,38535
29,1985,1.350000024,6.400000095,7.199999809,14033.89844,61.06405258,0.307691753,14.66489983,0.587890029,21,0,0.184187993,7811.482422,0,0,0.000185126,3.9769E-05,0.000410598,0.000377907,39284
29,1986,1.370000005,6.099999905,7,14368.4209,62.45421219,0.299753368,14.75969982,0.634959996,21,0,0.177047998,8161.916992,0,0,0.000222946,4.6801E-05,0.000549801,0.000491961,41332
29,1987,1.399999976,6.300000191,6.199999809,14648,62.73596954,0.290461004,14.85509968,0.685800016,21,0,0.163764,8500.705078,0,0,0.000204586,4.0956E-05,0.0004,0.000411184,43379
29,1988,1.320000052,5.699999809,5.5,14871.99219,62.76623154,0.279558241,14.95110035,0.740700006,21,0,0.151574001,8864.046875,0,0,0.00021455,4.61E-05,0.0005708,0.000479233,45570
30,1982,1.919999957,8.600000381,9.699999809,12033.41309,61.22449112,0.346447468,1.180699944,3.299999952,19,0,0.221544996,8284.473633,0,1,0.000315528,6.2112E-05,0.000897854,0.00087931,6668.999512
30,1983,1.860000014,8.800000191,9.600000381,11954.12891,60.40268707,0.332939208,1.223199964,3.299999952,19,0,0.225486994,8800.240234,0,1,0.00035049,9.4363E-05,0.000747588,0.000844828,7181
30,1984,1.75,7.400000095,7.5,11906.59375,62.22961426,0.319036245,1.267199993,3.299999952,19,0,0.223628998,8974.486328,0,1,0.000289186,5.3463E-05,0.001009166,0.000421053,7386
30,1985,1.669999957,7.699999809,7.199999809,11669.49121,62.02321625,0.319078386,1.312899947,3.299999952,19,0,0.208701,9167.078125,0,1,0.000269976,6.7797E-05,0.000502443,0.000482143,7572
30,1986,1.539999962,8.100000381,7,12076.36719,62.33333206,0.322081536,1.360200047,3.299999952,19,0,0.187298998,9575.28125,0,1,0.000271726,3.672E-05,0.000769231,0.00048,7823
30,1987,1.460000038,7.400000095,6.199999809,12291,62.54180527,0.323799998,1.409199953,3.299999952,20.32999992,0,0.175665006,9980.223633,0,1,0.000289246,6.6749E-05,0.0007027,0.000729167,8074.000488
30,1988,1.440000057,6.800000191,5.5,12383.06055,62.9194603,0.322910488,1.459900022,3.299999952,21,0,0.162919998,10109.32715,0,1,0.000245963,6.087E-05,0.00038235,0.000434783,8138
31,1982,1.590000033,6.099999905,9.699999809,13192.12402,63.65979385,0.375894994,0.656599998,0.42640999,20,0.03774,0.220479995,7191.82666,1,0,0.000164151,2.8931E-05,0.000387585,0.0002605,11435
31,1983,1.50999999,5.699999809,9.600000381,12919.72461,63.59761429,0.361238539,0.686800003,0.440259993,20,0.037590001,0.212073997,7226.797852,1,0,0.000159774,4.198E-05,0.000443279,0.00035897,11534
31,1984,1.450000048,4.400000095,7.5,13540.65918,64.5462265,0.346153855,0.718500018,0.454560012,20,0.037379999,0.192238003,26148.27148,1,0,0.00017757,2.7414E-05,0.000322302,0.00032174,41968
31,1985,1.429999948,5.5,7.199999809,13735.16992,64.9616394,0.369438559,0.751600027,0.469319999,21,0.03692,0.194536999,7505.624512,1,0,0.000147572,2.9888E-05,0.000342029,0.00025225,12054
31,1986,1.289999962,5,7,13971.10449,65.47921753,0.464396268,0.786199987,0.484569997,21,0.037110001,0.188938007,7867.966309,1,0,0.000181477,4.2553E-05,0.0005,0.00045545,12573
31,1987,1.25999999,4.900000095,6.199999809,14300,65.31302643,0.466874987,0.82249999,0.50029999,21,0.0372,0.180938005,8212.685547,1,0,0.000186324,3.3877E-05,0.00045455,0.00038144,13091
31,1988,1.24000001,3.599999905,5.5,14219.44141,66.358284,0.498075068,0.860400021,0.516560018,21,0.0372,0.162371993,8368.896484,1,0,0.000162921,3.4332E-05,0.00046479,0.00023232,13407
32,1982,4.900000095,10.10000038,9.699999809,14914.08105,65.95744324,0.161097854,2.022900105,6.397019863,21,0,0.192366004,7304.108887,0,0,0.000318907,6.0364E-05,0.000928571,0.00078125,6413
32,1983,4.75,9.800000191,9.600000381,14863.53223,65.27571106,0.199971333,2.034499884,6.159440041,21,0,0.191312,7661.084961,1,1,0.000282051,4.5708E-05,0.000761905,0.00042187,6872
32,1984,4.650000095,7.800000191,7.5,15214.28613,66.76300812,0.222527474,2.046099901,5.930699825,21,0,0.192364007,7995.649414,1,1,0.000271538,2.9444E-05,0.000571429,0.00049231,7332
32,1985,4.400000095,8,7.199999809,15564.61816,66.01941681,0.214512706,2.057800055,5.710440159,21,0,0.165754005,8083.321777,1,1,0.000276709,4.7009E-05,0.00047619,0.00058462,7566
32,1986,4.119999886,6,7,15976.26465,67.84260559,0.208978325,2.069600105,5.498370171,21,0,0.160077006,8253.347656,1,1,0.000240951,4.6536E-05,0.000714286,0.00051613,7981
32,1987,4.010000229,6.300000191,6.199999809,16412,68.23529816,0.202500001,2.081399918,5.294169903,21,0,0.155419007,8337.644531,1,1,0.000260179,4.4687E-05,0.00051163,0.00048387,8396
32,1988,3.890000105,5.199999809,5.5,16853.70508,69.25,0.194898948,2.093300104,5.097559929,21,0,0.136147007,8528.455078,1,1,0.000271347,4.3643E-05,0.00058537,0.00063636,8989
33,1982,4.570000172,7.400000095,9.699999809,13834.12891,63.09859085,0.483293563,0.100000001,0.300000012,20,0.108329996,0.194977999,7353.357422,0,0,0.000182489,3.5865E-05,0.00047771,0.00042254,6971
33,1983,4.599999905,5.400000095,9.600000381,14662.84375,65.60332489,0.56766057,0.100000001,0.300000012,20,0.104280002,0.190770999,7488.015625,1,0,0.000199166,3.6496E-05,0.000641388,0.0003662,7181
33,1984,4.579999924,4.300000191,7.5,15451.64844,67.61517334,0.741758227,0.100000001,0.300000012,20,0.172490001,0.182961002,7458.077148,1,0,0.000196319,2.3517E-05,0.000438657,0.00050704,7294
33,1985,4.360000134,3.900000095,7.199999809,16280.7207,68.29589844,0.715042412,0.100000001,0.300000012,20,0.160319999,0.177788004,7553.115723,1,0,0.000191383,2.4048E-05,0.00038282,0.00050704,7538
33,1986,4.050000191,2.799999952,7,17132.0957,69.96148682,0.696594417,0.100000001,0.300000012,20.5,0.155790001,0.172650993,8133.394531,1,0,0.000167478,2.629E-05,0.000472727,0.00025758,8353
33,1987,3.900000095,2.5,6.199999809,17906,71.26865387,0.675000012,0.100000001,0.300000012,21,0.151370004,0.167907,8672.647461,1,0,0.000169347,2.3652E-05,0.00029091,0.00042424,9167
33,1988,3.789999962,2.400000095,5.5,18704.52344,70.83839417,0.64966315,0.100000001,0.300000012,21,0.151370004,0.156749994,8762.188477,1,0,0.000152995,2.0276E-05,0.00054902,0.00038889,9507
34,1982,2.24000001,9,9.699999809,16665.87109,57.8578949,0.08949881,0.100000001,0.100000001,19,2.81746006,0.175159007,6971.983398,0,0,0.000142799,3.5397E-05,0.000384024,0.00030061,51802
34,1983,2.24000001,7.800000191,9.600000381,17275.22852,58.57414627,0.086009175,0.100000001,0.100000001,21,2.799949884,0.168256,6992.091797,0,0,0.000124799,2.812E-05,0.000294185,0.00027992,52217
34,1984,2.180000067,6.199999809,7.5,18065.93359,61.51868057,0.082417585,0.100000001,0.100000001,21,2.784849882,0.160739005,6959.141113,0,0,0.000122655,2.0221E-05,0.000265822,0.000242,52312
34,1985,2.150000095,5.699999809,7.199999809,18662.07617,61.697052,0.079449154,0.100000001,0.100000001,21,2.768280029,0.149364993,7023.037109,0,0,0.00012748,2.2613E-05,0.000280784,0.00023705,53108
34,1986,2.059999943,5,7,19421.05273,62.40752792,0.077399381,0.100000001,0.100000001,21,2.819669962,0.142315,7224.901855,0,0,0.000136262,2.3869E-05,0.000260274,0.00027409,55090
34,1987,2.00999999,4,6.199999809,20313,63.41219711,0.075000003,0.100000001,0.100000001,21,2.802400112,0.129431993,7438.867188,0,0,0.000133342,2.2289E-05,0.00027606,0.00027033,57071
34,1988,1.840000033,3.799999952,5.5,21168.43164,63.39522552,0.072184794,0.100000001,0.100000001,21,2.802400112,0.116540998,7598.87207,0,0,0.000136122,2.5903E-05,0.00032653,0.00028721,58671
35,1982,1.580000043,9.199999809,9.699999809,11347.25488,55.88843155,0.241646782,9.812800407,2.222860098,21,1.192199945,0.208908007,8662.289063,0,0,0.000421784,8.55263E-05,0.000855626,0.000892157,11850.00098
35,1983,1.659999967,10.10000038,9.600000381,11288.99121,55.14112854,0.348337173,9.672300339,2.234380007,21,1.381299973,0.208832994,8329.537109,0,0,0.000378745,5.92011E-05,0.000767722,0.000634615,11678.00098
35,1984,1.379999995,7.5,7.5,11539.56055,57.46785355,0.445054948,9.533800125,2.245959997,21,1.209300041,0.208642006,8718.083984,0,0,0.000348527,6.73212E-05,0.000587727,0.000809524,12432
35,1985,1.409999967,8.800000191,7.199999809,11861.22852,57.10116577,0.429025412,9.397299767,2.257600069,21,1.086899996,0.201912999,9151.045898,0,0,0.000368966,7.93103E-05,0.000825877,0.000759615,13268.99902
35,1986,1.309999943,9.199999809,7,11825.59375,58.33333206,0.41795665,9.262700081,2.269299984,21,1.081799984,0.222498,9596.344727,0,0,0.00033739,5.94997E-05,0.000776316,0.00071875,14193
35,1987,1.24000001,8.899999619,6.199999809,11898,57.96831131,0.405000001,9.130000114,2.28105998,21,1.066699982,0.220807001,10077.34277,0,0,0.000378667,6.46667E-05,0.00071622,0.000829787,15116
35,1988,1.25,7.800000191,5.5,12019.24902,58.57933807,0.389797896,8.999300003,2.292880058,21,1.066699982,0.220724002,10141.35352,0,0,0.000323159,6.10484E-05,0.00064286,0.000606383,15282.99902
36,1982,2.160000086,8.600000381,9.699999809,15158.71094,54.31520844,0.119331747,0.100000001,0.100000001,19,0.208399996,0.167704999,4576.345703,1,0,0.000122932,2.71223E-05,0.00031216,0.000244463,80484
36,1983,2.059999943,8.600000381,9.600000381,15573.39453,54.35151291,0.132855505,0.100000001,0.100000001,19,0.201000005,0.163121,4737.51123,1,0,0.000117444,2.46537E-05,0.000295453,0.000202449,83783
36,1984,2.049999952,7.199999809,7.5,16335.16504,55.05172729,0.135999992,0.100000001,0.100000001,19,0.177399993,0.161691993,4917.594238,1,0,0.000116082,2.02863E-05,0.000268229,0.00020098,87268
36,1985,1.940000057,6.5,7.199999809,16708.68555,56.7492485,0.131101698,0.100000001,0.100000001,19.15999985,0.183799997,0.155274004,5090.125488,1,0,0.000112804,2.11438E-05,0.00022782,0.000216639,90518
36,1986,1.820000052,6.300000191,7,17326.10938,57.38864136,0.127719298,0.100000001,0.100000001,21,0.179800004,0.155270994,5296.994629,1,0,0.000119247,2.14105E-05,0.000265143,0.000231949,94260
36,1987,1.779999971,4.900000095,6.199999809,18005,58.67354202,0.12376,0.100000001,0.100000001,21,0.179499999,0.151975006,5498.025879,1,0,0.000130884,2.22721E-05,0.0002768,0.000283054,98002
36,1988,1.710000038,4.199999809,5.5,18580.36523,59.1712532,0.119114533,0.100000001,0.100000001,21,0.179499999,0.148806006,5789.921875,1,0,0.000125914,2.18326E-05,0.00028269,0.000246708,103692
37,1982,1.639999986,9,9.699999809,11078.75879,60.30207443,1.431980968,22.37789917,0.42640999,21,27.62929916,0.210607007,7164.225586,1,0,0.000216589,4.03923E-05,0.000475076,0.00037155,43100
37,1983,1.559999943,8.899999619,9.600000381,11455.27539,59.55456543,1.376146793,22.1697998,0.440259993,21,26.74609947,0.207259998,7411.23291,1,0,0.000203061,3.48856E-05,0.000405078,0.000376596,45038
37,1984,1.529999971,6.699999809,7.5,12089.01074,61.85476685,1.318681359,21.96369934,0.454560012,21,26.11090088,0.199801996,7814.156738,1,0,0.000235161,3.68148E-05,0.000428174,0.000456103,48182
37,1985,1.5,5.400000095,7.199999809,12353.81348,63.1748085,1.271186471,21.75939941,0.469319999,21,25.5795002,0.194195002,7981.279785,1,0,0.00023693,3.66107E-05,0.000494747,0.000508696,49923
37,1986,1.450000048,5.300000191,7,12839.00977,63.58063889,1.238390088,21.5571003,0.484569997,21,26.0272007,0.189738005,8254.920898,1,0,0.000260148,3.96462E-05,0.000504348,0.000533958,52262
37,1987,1.399999976,4.5,6.199999809,13325,65.08531189,1.200000048,21.35659981,0.50029999,21,25.69440079,0.185424998,8513.946289,1,0,0.000246998,3.7268E-05,0.00045161,0.000541568,54599.99609
37,1988,1.340000033,3.599999905,5.5,13767.08398,65.60705566,1.154956698,21.15800095,0.516560018,21,25.69440079,0.175695002,8929.410156,1,0,0.00024241,3.1746E-05,0.00050789,0.000434579,57943
38,1982,2.119999886,5.900000095,9.699999809,12553.69922,62.00417328,0.429594278,0.560100019,0.182769999,21,0,0.228972003,7815.472656,1,0,0.000220238,5.05952E-05,0.000695103,0.000418182,5252
38,1983,1.980000019,5.599999905,9.600000381,12389.9082,61.80698395,0.412844062,0.592800021,0.174720004,21,0,0.221058995,7875.195801,1,0,0.000170338,4.40529E-05,0.000237815,0.000444444,5363
38,1984,1.850000024,5.099999905,7.5,12690.11035,63.39468384,0.395604402,0.627399981,0.167019993,21,0,0.209676996,7826.76123,1,0,0.00014556,2.18341E-05,0.000325454,0.000320755,5377
38,1985,1.850000024,5.900000095,7.199999809,12661.0166,64.47638702,0.381355941,0.664099991,0.159659997,21,0,0.201547995,7864.242188,1,0,0.000131387,4.23358E-05,0.000334042,0.0003,5387
38,1986,1.590000033,6.300000191,7,12817.33789,64.27104187,0.371517032,0.702899992,0.152630001,21,0,0.194244996,8150.198242,1,0,0.000147275,1.91458E-05,0.000257143,0.000266667,5534
38,1987,1.649999976,5.199999809,6.199999809,12971,65.0826416,0.360000014,0.743900001,0.145899996,21,0,0.185436994,8453.890625,1,0,0.000150298,4.31548E-05,0.00030303,0.000302326,5681
38,1988,1.649999976,4.800000191,5.5,12351.2998,65.56016541,0.346487015,0.787400007,0.139479995,21,0,0.171434,8643.175781,1,0,0.000155922,2.69865E-05,0.0004,0.000452381,5765
39,1982,1.269999981,12.5,9.699999809,13039.37988,55.61218262,0.429594278,1.508700013,0.200000003,21,11.60200024,0.225713998,6659.626953,0,0,0.000149155,3.90756E-05,0.00037945,0.000284439,71751
39,1983,1.24000001,12.19999981,9.600000381,13236.23828,55.74505234,0.412844062,1.566200018,0.200000003,21,11.64089966,0.199800998,6818.203613,0,1,0.000147327,3.56677E-05,0.000353512,0.000301567,73214
39,1984,1.159999967,9.399999619,7.5,13784.61523,57.32587051,0.395604402,1.625800014,0.200000003,21,9.31099987,0.194478005,6973.470703,0,1,0.000153259,3.79888E-05,0.000390943,0.000300932,74895
39,1985,1.179999948,8.899999619,7.199999809,13992.58496,57.96383667,0.381355941,1.68780005,0.200000003,21,9.307499886,0.180359006,7031.748535,0,1,0.000153202,3.32278E-05,0.000382005,0.000297814,75549
39,1986,1.169999957,8.100000381,7,14279.66992,59.31868744,0.371517032,1.752099991,0.200000003,21,9.304100037,0.174851999,7196.973633,0,1,0.000155657,3.78675E-05,0.000387524,0.00041185,77353
39,1987,1.139999986,7,6.199999809,14598,59.85544205,0.360000014,1.818799973,0.200000003,21,9.272999763,0.171217993,7340.248047,0,0,0.000164318,3.55156E-05,0.00039382,0.000338257,79157
39,1988,1.059999943,6,5.5,14952.83887,60.74073792,0.346487015,1.888100028,0.200000003,21,9.272999763,0.159994006,7553.217773,0,0,0.000162414,3.49148E-05,0.00043522,0.000304024,81990
40,1982,1.559999943,5.699999809,9.699999809,13552.50586,59.61701965,0.866348445,26.42230034,0.560109973,21,0,0.207454994,9288.460938,0,0,0.000326215,7.24234E-05,0.000760391,0.000677686,30010.99805
40,1983,1.460000038,9,9.600000381,12784.40332,58.44370651,0.832568824,26.4333992,0.592819989,21,0,0.202159002,8929.328125,0,0,0.000256116,4.59076E-05,0.000517754,0.000420408,29565
40,1984,1.409999967,7,7.5,12881.31836,59.63681412,0.947390079,26.44459915,0.627439976,21,0,0.197189003,9359.798828,0,0,0.000240785,4.53172E-05,0.000467537,0.000372385,30981
40,1985,1.289999962,7.099999905,7.199999809,12904.66113,60.39068604,0.961334765,26.45569992,0.664080024,21,0,0.187404007,9445.915039,0,0,0.000225386,3.75644E-05,0.000488146,0.000365217,31180.99805
40,1986,1.169999957,8.199999809,7,12656.34668,60.89293289,0.936532557,26.46689987,0.702859998,21,0,0.180598006,9496.078125,0,0,0.000211434,3.8415E-05,0.000353293,0.000459716,31393.99805
40,1987,1.090000033,7.400000095,6.199999809,12607,60.30820465,0.907500029,26.47800064,0.743910015,21,0,0.171737999,9659.524414,0,0,0.000182457,2.96455E-05,0.00034375,0.000320197,31606
40,1988,1.059999943,6.699999809,5.5,12822.90625,59.59765244,0.873436034,26.48920059,0.787349999,21,0,0.161579996,9990.114258,0,0,0.000195558,3.14621E-05,0.00049324,0.000383838,32388
41,1982,1.679999948,11.5,9.699999809,12626.49121,58.46230316,0.225190938,1.023699999,2.799999952,21,0.192900002,0.187434003,7262.638184,0,0,0.00019408,3.37205E-05,0.000512037,0.000349727,19384
41,1983,1.639999986,10.80000019,9.600000381,12925.45898,59.56175232,0.216410562,1.035699964,2.799999952,21,0.193599999,0.177792996,7728.198242,0,0,0.000206767,3.45865E-05,0.000505478,0.00044382,20557
41,1984,1.580000043,9.399999619,7.5,13246.1543,59.76272964,0.207373634,1.047899961,2.799999952,21,0.192499995,0.174122006,7826.238281,0,1,0.000213752,2.9148E-05,0.000498517,0.000477011,20943
41,1985,1.5,8.800000191,7.199999809,13376.05957,59.29945755,0.199904665,1.060299993,2.799999952,21,0.200599998,0.165583998,7985.869141,0,1,0.000208039,2.754E-05,0.00043384,0.000467456,21458
41,1986,1.429999948,8.5,7,13649.12305,60.55447388,0.194747165,1.07280004,2.799999952,21,0.203899994,0.165852994,8288.321289,0,1,0.00022909,2.55366E-05,0.0005,0.000415663,22395
41,1987,1.399999976,6.199999809,6.199999809,14019,62.47600937,0.188710004,1.085399985,2.799999952,21,0.202299997,0.159337997,8565.328125,0,1,0.000227606,2.09251E-05,0.00061864,0.00045679,23332
41,1988,1.379999995,5.800000191,5.5,14326.27539,63.25953674,0.181626573,1.098199964,2.799999952,21,0.202299997,0.151538998,9108.770508,0,1,0.000244669,3.43332E-05,0.0007094,0.000427673,25204
42,1982,1.360000014,10.89999962,9.699999809,13651.55176,53.45505905,0.286396176,0.100000001,0.233309999,21,10.76309967,0.183375999,6003.268555,1,0,0.000153127,3.63667E-05,0.000343027,0.000333333,71313
42,1983,1.320000052,11.80000019,9.600000381,13706.42188,52.90976334,0.275229365,0.100000001,0.251980007,21,10.70359993,0.176879004,6080.384277,1,0,0.000144731,3.33866E-05,0.00034175,0.000303721,72302
42,1984,1.309999943,9.100000381,7.5,13987.91211,54.15986633,0.263736248,0.100000001,0.272159994,21,10.94180012,0.170682997,6250.283203,1,0,0.000145285,3.02011E-05,0.000307248,0.000289216,74297
42,1985,1.289999962,8,7.199999809,14356.99121,55.23685074,0.254237294,0.100000001,0.293949991,21,10.97270012,0.166262999,6363.63623,1,0,0.000149414,3.4506E-05,0.000299879,0.00032913,75428
42,1986,1.269999981,6.800000191,7,14713.10645,56.80441284,0.247678012,0.100000001,0.317479998,21,10.77470016,0.161688,6476.124023,1,0,0.00015924,3.68253E-05,0.000365979,0.000357823,77027
42,1987,1.230000019,5.699999809,6.199999809,15200,57.35642242,0.239999995,0.100000001,0.342900008,21,10.80760002,0.156139001,6587.291992,1,0,0.000166471,3.70308E-05,0.00035689,0.000370112,78626
42,1988,1.139999986,5.099999905,5.5,15623.67676,58.54650879,0.230991334,0.100000001,0.370350003,21,10.80760002,0.149836004,6769.258301,1,0,0.000160903,3.37472E-05,0.00040566,0.000334243,81238
44,1982,2.089999914,10.19999981,9.699999809,13326.96875,58.60655975,0.174224347,0.100000001,0.100000001,20,1.6954,0.196667001,6192.878418,1,0,0.000110063,3.77358E-05,0.000322053,0.000243243,5908
44,1983,2.130000114,8.300000191,9.600000381,13759.17383,59.18367386,0.167431191,0.100000001,0.100000001,20,1.694599986,0.190400004,6290.824707,1,0,0.000104603,2.71967E-05,0.000218611,0.000216216,6014
44,1984,2.059999943,5.300000191,7.5,14312.08789,62.53369522,0.160439551,0.100000001,0.100000001,20.5,1.470900059,0.181668997,5509.383301,1,0,8.2121E-05,2.4948E-05,0.000185492,0.000222222,5300
44,1985,2.069999933,4.900000095,7.199999809,14595.33887,63.63636398,0.154661015,0.100000001,0.100000001,21,1.67869997,0.177523002,6015.479004,1,0,0.000112603,3.30579E-05,0.00024553,0.0004,5823
44,1986,1.870000005,4,7,15109.3916,64.72148132,0.150670797,0.100000001,0.100000001,21,1.756000042,0.172160998,6064.592285,1,0,0.000127179,2.5641E-05,0.000326923,0.000222222,5913
44,1987,1.879999995,3.799999952,6.199999809,15633,65.48556519,0.145999998,0.100000001,0.100000001,21,1.744400024,0.167711005,6088.210938,1,0,0.000114604,3.14402E-05,0.000294118,0.000393443,6003
44,1988,1.929999948,3.099999905,5.5,16257.94043,66.27604675,0.140519723,0.100000001,0.100000001,21,1.744400024,0.158108994,5894.251465,1,0,0.000125881,3.02115E-05,0.000282609,0.0002,5853
45,1982,1.879999995,10.80000019,9.699999809,10393.79492,57.82401657,2.062052488,25.13579941,0.400000006,21,0,0.211842999,7508.355469,0,0,0.000226286,4.33974E-05,0.000393557,0.000388462,24222
45,1983,1.929999948,10,9.600000381,10693.80762,56.51431274,1.981651425,24.85829926,0.400000006,21,0,0.208084002,7666.370117,0,1,0.000259055,5.37139E-05,0.000453087,0.000505792,24977
45,1984,1.909999967,7.099999905,7.5,11160.43945,57.83942795,1.898901105,24.58390045,0.400000006,21,0,0.198570997,7865.243164,0,1,0.000277408,4.30042E-05,0.0004253,0.000498084,25971
45,1985,1.899999976,6.800000191,7.199999809,11369.70313,59.90935516,1.830508471,24.3125,0.400000006,21,0,0.193221003,7970.419434,0,1,0.000284135,5.22856E-05,0.000579945,0.000564706,26677
45,1986,1.769999981,6.199999809,7,11674.92285,60.85539627,1.783281803,24.0442009,0.400000006,21,0,0.188850999,8414.967773,0,1,0.000313221,5.67879E-05,0.0005,0.000659483,28451
45,1987,1.690000057,5.599999905,6.199999809,12027,61.76352692,1.728000045,23.77879906,0.400000006,21,0,0.185350001,8824.517578,0,1,0.00031708,5.75182E-05,0.000700535,0.000615721,30224
45,1988,1.700000048,4.5,5.5,12440.80859,62.61349869,1.663137674,23.5163002,0.400000006,21,0,0.169980004,9152.458984,0,1,0.000297983,5.41787E-05,0.000672515,0.000561181,31759
46,1982,1.830000043,5.5,9.699999809,11323.38867,62.72544861,0.718377113,0.656599998,0.380649,21,0,0.242798001,9165.685547,1,0,0.000213256,4.32277E-05,0.000376438,0.000509434,6361
46,1983,1.789999962,5.400000095,9.600000381,11091.74316,62.69841003,0.690366983,0.686800003,0.371327013,21,0,0.229347005,9037.208008,1,0,0.000250358,3.29041E-05,0.000308893,0.000423077,6317
46,1984,1.669999957,4.300000191,7.5,11661.53809,64.89151764,0.661538482,0.718500018,0.362233996,21,0,0.219713002,9079.438477,1,0,0.000202837,3.5461E-05,0.000448848,0.000461538,6401
46,1985,1.75999999,5.099999905,7.199999809,11684.32227,64.42687225,0.637711883,0.751600027,0.353363007,21,0,0.209174007,8865.828125,1,0,0.000183616,2.40113E-05,0.000189571,0.00044898,6277
46,1986,1.470000029,4.699999809,7,12175.43848,65.16634369,0.621259034,0.786199987,0.344709992,21,0,0.199288994,8817.817383,1,0,0.000189266,3.24859E-05,0.000388889,0.000465116,6243
46,1987,1.5,4.199999809,6.199999809,12545,66.01941681,0.609252989,0.82249999,0.336268008,21,0,0.193110004,8757.422852,1,0,0.000188999,1.97461E-05,0.000428571,0.000404762,6208.999512
46,1988,1.450000048,3.900000095,5.5,12276.22754,66.21621704,0.593364775,0.860400021,0.328033,21,0,0.179332003,9304.342773,1,0,0.000206171,3.22581E-05,0.0005,0.000418605,6634
47,1982,1.350000024,11.80000019,9.699999809,10988.06641,53.99885178,0.338094264,25.83650017,0.200000003,19,1.886399984,0.198827997,7458.300293,0,1,0.000226152,5.209E-05,0.000602308,0.000418129,34793
47,1983,1.340000033,11.5,9.600000381,11183.48633,55.06419373,0.324911684,25.65670013,0.200000003,19,1.876700044,0.193915993,7733.209473,0,1,0.000221156,4.11602E-05,0.000604816,0.000414706,36261
47,1984,1.350000024,8.600000381,7.5,11704.39551,57.31224823,0.311343938,25.47809982,0.200000003,19.67000008,1.861999989,0.183345005,7728.100098,0,1,0.000231697,4.50698E-05,0.000603313,0.000486726,36523
47,1985,1.320000052,8,7.199999809,11919.49121,57.64738464,0.300130278,25.30069923,0.200000003,21,1.84800005,0.187638,7614.015625,0,1,0.000231205,3.84292E-05,0.000472483,0.000528358,36258
47,1986,1.24000001,8,7,12371.5166,58.03252029,0.292386979,25.12459946,0.200000003,21,0,0.174572006,8165,0,1,0.00025625,4.85417E-05,0.000644898,0.000568182,39192
47,1987,1.210000038,6.599999905,6.199999809,12876,59.23913193,0.28332299,24.9496994,0.200000003,21,0,0.168928996,8676.842773,0,1,0.000257055,4.6344E-05,0.000619835,0.000498361,42126.00391
47,1988,1.179999948,5.800000191,5.5,13352.26172,59.20451355,0.27268815,24.77599907,0.200000003,21,0,0.168742001,9028.182617,0,1,0.000258631,4.69867E-05,0.000768889,0.000501608,44193
48,1982,1.559999943,6.900000095,9.699999809,13942.7207,62.65510941,0.433174223,18.20490074,0.525399983,19,11.31779957,0.208685994,8144.787598,0,0,0.000274034,6.82321E-05,0.000624392,0.000532435,125218
48,1983,1.480000019,8,9.600000381,13692.66016,62.31614304,0.416284412,17.96229935,0.538600028,19,11.17860031,0.200634003,8338.572266,0,0,0.000241717,5.78528E-05,0.000558347,0.000494983,131883
48,1984,1.480000019,5.900000095,7.5,14039.56055,64.55586243,0.41884616,17.72290039,0.552100003,19,7.125299931,0.193534002,8564.128906,0,0,0.000243238,5.50892E-05,0.000538649,0.000504626,137737
48,1985,1.370000005,7,7.199999809,14270.12695,63.91252136,0.461440682,17.48670006,0.565999985,19,7.000400066,0.184567004,8751.545898,0,0,0.000224679,4.95418E-05,0.000458709,0.000445106,143263
48,1986,1.210000038,8.899999619,7,13950.46484,62.00167465,0.449535608,17.25370026,0.580200016,19.67000008,6.866600037,0.175311998,8821.696289,0,0,0.000213734,4.72167E-05,0.000495868,0.000431879,147225
48,1987,1.129999995,8.399999619,6.199999809,13889,62.93584061,0.435600013,17.02370071,0.594799995,21,6.825699806,0.167623997,9005.047852,0,0,0.000194234,4.09792E-05,0.00046386,0.000396912,151186
48,1988,1.090000033,7.300000191,5.5,14038.49902,64.1301651,0.419249296,16.79680061,0.609700024,21,6.825699806,0.155517995,9290.322266,0,0,0.000201473,4.46529E-05,0.00051928,0.000405253,156458
49,1982,0.910000026,7.800000191,9.699999809,10788.7832,61.16027069,0.356840104,0.699999988,65.91649628,21,1.604599953,0.240700006,7012.183105,0,0,0.000189345,2.9525E-05,0.000398533,0.000325581,10925
49,1983,0.839999974,9.199999809,9.600000381,10779.81641,60.03823853,0.62925458,0.699999988,65.18699646,21,1.605000019,0.232819006,7035.09082,0,1,0.000177429,2.82132E-05,0.00033292,0.000212598,11221
49,1984,0.860000014,6.5,7.5,11120.87891,62.66666794,0.877348363,0.699999988,64.46559906,21,1.848399997,0.218514994,7184.841797,0,1,0.000194085,3.14233E-05,0.000439817,0.000272,11661
49,1985,0.889999986,5.900000095,7.199999809,11284.95801,64.62841034,0.845748901,0.699999988,63.75220108,21,1.854099989,0.214632004,7317.344238,0,1,0.000184195,2.18845E-05,0.000291726,0.000352459,12037
49,1986,0.889999986,6,7,11339.52539,65.83100891,0.823928773,0.699999988,63.04669952,21,1.832900047,0.207449004,7426.683594,0,1,0.000188101,2.04327E-05,0.000423529,0.000272727,12358
49,1987,0.839999974,6.400000095,6.199999809,11389,65.2253952,0.798386991,0.699999988,62.34899902,21,1.190500021,0.194580004,7547.003418,0,1,0.00017619,2.85714E-05,0.00041667,0.000266667,12679
49,1988,0.819999993,4.900000095,5.5,11735.32227,65.81585693,0.76841867,0.699999988,61.6590004,21,1.190500021,0.183351994,7847.944824,0,1,0.00017574,1.71598E-05,0.00027381,0.000279279,13263
50,1982,2.390000105,6.900000095,9.699999809,12064.43945,63.56589127,0.711515486,0.106700003,0.281399995,18,0.273299992,0.188731998,7678.837402,1,0,0.000205769,3.46154E-05,0.000840401,0.000333333,3993
50,1983,2.309999943,6.900000095,9.600000381,12186.92676,63.01020432,0.683772922,0.109999999,0.272599995,18,0.285699993,0.186243996,7906.683594,1,0,0.000179048,3.61905E-05,0.000596699,0.0005,4151
50,1984,2.24000001,5.199999809,7.5,12680.21973,64.39393616,0.655219793,0.113300003,0.263999999,18,0.506600022,0.175201997,8307.53418,1,0,0.000215094,3.39623E-05,0.0007288,0.000365854,4403
50,1985,2.130000114,4.800000191,7.199999809,13112.28809,65.92040253,0.631620765,0.116700001,0.255699992,18,0.3398,0.173699006,8762.605469,1,0,0.000214953,4.29907E-05,0.000447597,0.000390244,4688
50,1986,2.029999971,4.699999809,7,13740.96973,68.30467224,0.615325093,0.120099999,0.247600004,19.5,0.340299994,0.169052005,8990.769531,1,0,0.000201479,3.51201E-05,0.000451613,0.000542857,4864
50,1987,1.929999948,3.599999905,6.199999809,14325,69.00726318,0.596249998,0.123599999,0.239899993,21,0.335900009,0.169162005,9195.244141,1,0,0.000217153,2.55474E-05,0.0006,0.000628571,5039
50,1988,1.820000052,2.799999952,5.5,14727.62305,68.95734406,0.573869109,0.127299994,0.232299998,21,0.335900009,0.159199998,9969.486328,1,0,0.000231598,4.8474E-05,0.00067857,0.000394737,5553
51,1982,1.700000048,7.699999809,9.699999809,13878.28125,60.84576797,0.758949876,12.70810032,0.525399983,21,0,0.208276004,7547.831055,1,0,0.000160503,3.22463E-05,0.000395925,0.000274648,41430
51,1983,1.620000005,6.099999905,9.600000381,14299.31152,62.64086533,0.729357779,12.61320019,0.538600028,21,0,0.202383995,7609.125488,1,0,0.00016208,3.22E-05,0.000437696,0.000290398,42299
51,1984,1.580000043,5,7.5,14906.59375,64.89284515,0.698901057,12.51910019,0.552100003,21,0,0.197191,7900.443848,1,0,0.000179737,3.77928E-05,0.000409266,0.000408879,44527
51,1985,1.519999981,5.599999905,7.199999809,15323.09277,64.02468109,0.673728764,12.42560005,0.565999985,21,0,0.184192002,8399.579102,1,0,0.000171048,3.08447E-05,0.000354305,0.000350588,47928.00391
51,1986,1.450000048,5,7,15915.37695,64.01488495,0.656346738,12.33290005,0.580200016,21,0,0.180501997,8866.416992,1,0,0.000194305,3.8654E-05,0.000488525,0.00040399,51381
51,1987,1.389999986,4.199999809,6.199999809,16486,65.30147552,0.635999978,12.2407999,0.594799995,21,0,0.175822005,9287.623047,1,0,0.000172934,2.79472E-05,0.00040924,0.000360902,54834
51,1988,1.330000043,3.900000095,5.5,17011.54883,66.50301361,0.612127006,12.14939976,0.609700024,21,0,0.163499996,9551.62793,1,0,0.000178055,3.17539E-05,0.00040273,0.000384615,57453
53,1982,1.899999976,12.10000038,9.699999809,14342.48242,56.33312607,0.231758952,1.150159955,2.657210112,21,0,0.183850005,7306.682617,0,1,0.000174848,4.0206E-05,0.000487356,0.00031847,31258
53,1983,1.809999943,11.19999981,9.600000381,14534.40332,57.67179108,0.231558487,1.176100016,2.739480019,21,0,0.179464996,8395.816406,0,1,0.000162137,3.252E-05,0.000423721,0.00031494,36143.99609
53,1984,1.75,9.5,7.5,14758.24219,57.56354523,0.221889019,1.202610016,2.824310064,21,0,0.171880007,7874.928223,0,1,0.000171534,3.633E-05,0.000405173,0.00040864,34248
53,1985,1.679999948,8.100000381,7.199999809,14909.95801,58.94446564,0.213897243,1.22973001,2.911750078,21,0,0.166529,7796.563965,0,1,0.000168746,2.8124E-05,0.000362612,0.00034915,34375
53,1986,1.590000033,8.199999809,7,15375.64453,60.63702011,0.208378747,1.257459998,3.001909971,21,0,0.160414994,8166.68457,0,1,0.000157517,3.3162E-05,0.000395238,0.00031488,36448
53,1987,1.539999962,7.599999905,6.199999809,15630,61.40041351,0.201919004,1.285809994,3.094860077,21,0,0.155313998,8488.326172,0,1,0.000171882,3.2173E-05,0.00040097,0.00034737,38520
53,1988,1.49000001,6.199999809,5.5,15854.66797,62.49640656,0.194339752,1.314800024,3.190680027,21,0,0.144180998,8995.921875,0,1,0.000167384,3.722E-05,0.00047343,0.00033692,41813
54,1982,1.049999952,13.89999962,9.699999809,10748.20996,45.52289963,0.476363957,1.54847002,0.380650014,18,0,0.201276004,5574.712891,1,1,0.000229475,4.5385E-05,0.000579211,0.00055072,10932
54,1983,0.930000007,18,9.600000381,10451.83496,42.99319839,0.457790136,1.573279977,0.371329993,18.5,0,0.195664003,5958.217285,1,1,0.000216505,4.7376E-05,0.000568149,0.00042963,11696
54,1984,0.850000024,15,7.5,10641.75781,44.41416931,0.438673615,1.598500013,0.362230003,19,0,0.192053005,6494.61084,1,1,0.0002245,4.6643E-05,0.000566895,0.0004697,12671
54,1985,0.810000002,13,7.199999809,10669.49121,45.38619232,0.422873914,1.624119997,0.353359997,19,0,0.179933995,6541.317871,1,1,0.000216942,3.4607E-05,0.000492157,0.0004375,12664
54,1986,0.810000002,11.80000019,7,10888.54492,44.98626328,0.41196388,1.650149941,0.344709992,19.67000008,0,0.173934996,6887.314941,1,1,0.000229525,4.4862E-05,0.00056383,0.00046721,13203
54,1987,0.790000021,10.80000019,6.199999809,10992,46.13793182,0.399192989,1.676599979,0.336270005,21,0,0.171170995,7244.076172,1,1,0.000248287,4.7443E-05,0.00055435,0.00047899,13742
54,1988,0.790000021,9.899999619,5.5,11294.51367,46.18055344,0.384208858,1.703469992,0.32802999,21,0,0.162937,7400.866211,1,1,0.000245203,4.4243E-05,0.0005977,0.00047826,13884
55,1982,2.210000038,10.69999981,9.699999809,13213.60352,61.65158081,0.173031017,0.233309999,0.233309999,18,1.794309974,0.210804,6909.823242,1,0,0.000162242,4.193E-05,0.000467383,0.0003674,32794
55,1983,2.170000076,10.39999962,9.600000381,13291.28418,61.35593033,0.166284397,0.251980007,0.251980007,18,1.999160051,0.205162004,7184.746094,1,0,0.000152728,4.1289E-05,0.000454512,0.00031933,34106
55,1984,2.130000114,7.300000191,7.5,13818.68164,62.27848053,0.15934065,0.272159994,0.272159994,18.5,2.107429981,0.196950004,7426.940918,1,0,0.000172617,3.8009E-05,0.000487299,0.00034758,35367
55,1985,2.019999981,7.199999809,7.199999809,13952.33008,61.62888336,0.153601691,0.293949991,0.293949991,19,1.994529963,0.188972995,7681.489258,1,0,0.000155812,3.4764E-05,0.000398849,0.00032845,36679
55,1986,1.75,7,7,14351.90918,62.21108246,0.149638802,0.317479998,0.317479998,19.67000008,1.980739951,0.182182997,8036.37207,1,0,0.000156178,3.3243E-05,0.000383065,0.00035948,38438
55,1987,1.679999948,6.099999905,6.199999809,14720,64.70425415,0.144999996,0.342900008,0.342900008,21,1.864410043,0.176360995,8361.978516,1,0,0.0001658,3.2453E-05,0.00034167,0.00036486,40196
55,1988,1.649999976,4.300000191,5.5,14941.29004,67.44313049,0.139557257,0.370350003,0.370350003,21,1.864410043,0.164296001,8745.19043,1,0,0.00016622,3.4809E-05,0.00046364,0.00038387,42458
56,1982,2.190000057,5.800000191,9.699999809,14600.23828,67.31843567,0.053699285,2.459810019,8.57793045,19,0,0.233668,10354.91113,0,1,0.000394118,7.451E-05,0.001090729,0.00065,5281
56,1983,1.99000001,8.399999619,9.600000381,13574.54102,66.39118195,0.051605508,2.543829918,8.56692028,19,0,0.220633,9804.254883,0,1,0.000335271,4.2636E-05,0.000871543,0.0005,5059
56,1984,1.909999967,6.300000191,7.5,13456.04395,66.02209473,0.04945055,2.6307199,8.555930138,19,0,0.208333001,9994.155273,0,1,0.000306043,5.2632E-05,0.000805756,0.00075676,5127
56,1985,1.879999995,7.099999905,7.199999809,13595.33887,65.08380127,0.047669493,2.720570087,8.544939995,19,0,0.191962004,10611.01074,0,1,0.000298625,5.3045E-05,0.000819429,0.00068571,5401
56,1986,1.700000048,9,7,13126.93457,63.96648407,0.046439629,2.813499928,8.533969879,19,0,0.168026,10619.33105,0,1,0.000331361,5.9172E-05,0.001041667,0.00071429,5384
56,1987,1.590000033,8.600000381,6.199999809,12719,62.8571434,0.045000002,2.909600019,8.523019791,19,0,0.149312004,10953.0498,0,1,0.000263265,5.102E-05,0.00082609,0.00036364,5367
56,1988,1.549999952,6.300000191,5.5,13098.1709,64.63768005,0.043310877,3.008990049,8.512080193,19.5,0,0.131242007,11812.11523,0,1,0.000323591,5.428E-05,0.00109524,0.00063333,5658
